cell_id,block_id,instance_id,policy,repeat_index,final_tree,score_cell,shared_score,solver_status,reward,base_commit,grader_id,task_contract_id,score_scope_sha256,scored_patch_sha256
001-194-r1-N,194-r1,django__django-10880,N,1,2555940a5af18482bcabef65ff4466d59a67949c,001-194-r1-N,False,VALID,1,838e432e3e5519c5383d12018e6c78f8ec7833c1,agent2skill_swebench_verified_candidate_syntax_v1,django__django-10880,32b6bf9c6dee4f5b9af962e40eb4e6439f2f47eace936b1065a011844a382cca,bfc25e1526c73bf2209458776016c3de8dab787813b8ad1dd7574b728d85afde
002-194-r1-L,194-r1,django__django-10880,L,1,1c649d7c2ff4c5b89198c8d30b3ccc34d42b3840,002-194-r1-L,False,VALID,0,838e432e3e5519c5383d12018e6c78f8ec7833c1,agent2skill_swebench_verified_candidate_syntax_v1,django__django-10880,9047cc6cf91aa60d6945b2fcabbb1f4be606a04f520fd6519d12ed9440e55104,e3b0c44298fc1c149afbf4c8996fb92427ae41e4649b934ca495991b7852b855
003-194-r1-P,194-r1,django__django-10880,P,1,1c649d7c2ff4c5b89198c8d30b3ccc34d42b3840,002-194-r1-L,True,VALID,0,838e432e3e5519c5383d12018e6c78f8ec7833c1,agent2skill_swebench_verified_candidate_syntax_v1,django__django-10880,9047cc6cf91aa60d6945b2fcabbb1f4be606a04f520fd6519d12ed9440e55104,e3b0c44298fc1c149afbf4c8996fb92427ae41e4649b934ca495991b7852b855
004-194-r1-LP,194-r1,django__django-10880,LP,1,58ff9c3474afff819380e59ef1a2cbf9bff98ce0,004-194-r1-LP,False,VALID,1,838e432e3e5519c5383d12018e6c78f8ec7833c1,agent2skill_swebench_verified_candidate_syntax_v1,django__django-10880,9b25e237b1a0b951290eff3075aea813e1351021941b0fdd34954ad5192bd051,e49a15d33cba9aecfddfdeb20a4e39f66804b63fdaa5d6f6d2e882f41589545a
005-194-r1-Ln,194-r1,django__django-10880,Ln,1,55e434168570ea664574a79547fff5937c885d24,005-194-r1-Ln,False,VALID,1,838e432e3e5519c5383d12018e6c78f8ec7833c1,agent2skill_swebench_verified_candidate_syntax_v1,django__django-10880,068bd610921d021a1390bc6fbafe8714ef05767b8582f6dd1a6fd7d34535f9c1,3743f2254402d7d412af3beebac28da8e6cab00c84b4ade9fdf7f57947331344
006-194-r1-Pn,194-r1,django__django-10880,Pn,1,1c649d7c2ff4c5b89198c8d30b3ccc34d42b3840,002-194-r1-L,True,VALID,0,838e432e3e5519c5383d12018e6c78f8ec7833c1,agent2skill_swebench_verified_candidate_syntax_v1,django__django-10880,9047cc6cf91aa60d6945b2fcabbb1f4be606a04f520fd6519d12ed9440e55104,e3b0c44298fc1c149afbf4c8996fb92427ae41e4649b934ca495991b7852b855
007-194-r1-LnPn,194-r1,django__django-10880,LnPn,1,1c649d7c2ff4c5b89198c8d30b3ccc34d42b3840,002-194-r1-L,True,VALID,0,838e432e3e5519c5383d12018e6c78f8ec7833c1,agent2skill_swebench_verified_candidate_syntax_v1,django__django-10880,9047cc6cf91aa60d6945b2fcabbb1f4be606a04f520fd6519d12ed9440e55104,e3b0c44298fc1c149afbf4c8996fb92427ae41e4649b934ca495991b7852b855
008-194-r1-Hmini,194-r1,django__django-10880,Hmini,1,c2641638ce8b1d5ea9afc630f79263f38968c7b3,008-194-r1-Hmini,False,VALID,1,838e432e3e5519c5383d12018e6c78f8ec7833c1,agent2skill_swebench_verified_candidate_syntax_v1,django__django-10880,2f9b78762be4758c0164e306f4e13c1410861ca037f35f0415918b8c9fff7003,fa6d0f72edc24ea34df7656c4494b9cae27632dc8f4a37e86678b6672e4b06e9
009-195-r1-L,195-r1,pydata__xarray-3095,L,1,aee6a15d37f6e3cc37dc0ffae6a9c7ac209ae05b,009-195-r1-L,False,VALID,0,1757dffac2fa493d7b9a074b84cf8c830a706688,agent2skill_swebench_verified_candidate_syntax_v1,pydata__xarray-3095,c8fb823b8961551d95a7d7d098e979ada323fa2cfc2c495efeaf1d3c8c42a6b8,a957c88f2a528b040c969e7ea405b970c6fed172c900656e9928de8deb8a0e8c
010-195-r1-P,195-r1,pydata__xarray-3095,P,1,365476022a400612fa9da253ba6f8d0bfe41baef,010-195-r1-P,False,VALID,0,1757dffac2fa493d7b9a074b84cf8c830a706688,agent2skill_swebench_verified_candidate_syntax_v1,pydata__xarray-3095,39d4fdea8af7ade3233298dca83f542ae47ef39fbf6e69bcf15487bf4017cb27,e3b0c44298fc1c149afbf4c8996fb92427ae41e4649b934ca495991b7852b855
011-195-r1-LP,195-r1,pydata__xarray-3095,LP,1,3f4e3d5e760fbabb799f2a0f10d479e114476020,011-195-r1-LP,False,VALID,0,1757dffac2fa493d7b9a074b84cf8c830a706688,agent2skill_swebench_verified_candidate_syntax_v1,pydata__xarray-3095,2c7676be4302c376263f6f426f2412fc8a7657557573aa2bfbf9484526da16bf,a013fe066a08cb188bd4d5ebcd701ee0d9a7533035f81ecaae373aace974eb99
012-195-r1-Ln,195-r1,pydata__xarray-3095,Ln,1,aee6a15d37f6e3cc37dc0ffae6a9c7ac209ae05b,009-195-r1-L,True,VALID,0,1757dffac2fa493d7b9a074b84cf8c830a706688,agent2skill_swebench_verified_candidate_syntax_v1,pydata__xarray-3095,c8fb823b8961551d95a7d7d098e979ada323fa2cfc2c495efeaf1d3c8c42a6b8,a957c88f2a528b040c969e7ea405b970c6fed172c900656e9928de8deb8a0e8c
013-195-r1-Pn,195-r1,pydata__xarray-3095,Pn,1,aee6a15d37f6e3cc37dc0ffae6a9c7ac209ae05b,009-195-r1-L,True,VALID,0,1757dffac2fa493d7b9a074b84cf8c830a706688,agent2skill_swebench_verified_candidate_syntax_v1,pydata__xarray-3095,c8fb823b8961551d95a7d7d098e979ada323fa2cfc2c495efeaf1d3c8c42a6b8,a957c88f2a528b040c969e7ea405b970c6fed172c900656e9928de8deb8a0e8c
014-195-r1-LnPn,195-r1,pydata__xarray-3095,LnPn,1,34fb11e50720f872f7a12120c012ded144b94275,014-195-r1-LnPn,False,VALID,1,1757dffac2fa493d7b9a074b84cf8c830a706688,agent2skill_swebench_verified_candidate_syntax_v1,pydata__xarray-3095,1261750d58b784a4aa94f12ddd9390a9601d5315734d921be1f5531de12e72de,f48b256a9003ccd480990a2fd70ca5efa3ac9f62a1f967437fcac6b6defcabd6
015-195-r1-Hmini,195-r1,pydata__xarray-3095,Hmini,1,365476022a400612fa9da253ba6f8d0bfe41baef,010-195-r1-P,True,VALID,0,1757dffac2fa493d7b9a074b84cf8c830a706688,agent2skill_swebench_verified_candidate_syntax_v1,pydata__xarray-3095,39d4fdea8af7ade3233298dca83f542ae47ef39fbf6e69bcf15487bf4017cb27,e3b0c44298fc1c149afbf4c8996fb92427ae41e4649b934ca495991b7852b855
016-195-r1-N,195-r1,pydata__xarray-3095,N,1,aee6a15d37f6e3cc37dc0ffae6a9c7ac209ae05b,009-195-r1-L,True,VALID,0,1757dffac2fa493d7b9a074b84cf8c830a706688,agent2skill_swebench_verified_candidate_syntax_v1,pydata__xarray-3095,c8fb823b8961551d95a7d7d098e979ada323fa2cfc2c495efeaf1d3c8c42a6b8,a957c88f2a528b040c969e7ea405b970c6fed172c900656e9928de8deb8a0e8c
017-196-r1-P,196-r1,django__django-16082,P,1,2c4780030c8673b3cb24fac3fae2fbab5d0c97c5,017-196-r1-P,False,VALID,1,bf47c719719d0e190a99fa2e7f959d5bbb7caf8a,agent2skill_swebench_verified_candidate_syntax_v1,django__django-16082,c2e21d7a8839afde4342a2af738132d4593b33176a6c52e70c3fda554f721664,fa214616b4d435fd7859d365aaf3873b38c2b6f10975aba532ffeef1e8b8436c
018-196-r1-LP,196-r1,django__django-16082,LP,1,2c4780030c8673b3cb24fac3fae2fbab5d0c97c5,017-196-r1-P,True,VALID,1,bf47c719719d0e190a99fa2e7f959d5bbb7caf8a,agent2skill_swebench_verified_candidate_syntax_v1,django__django-16082,c2e21d7a8839afde4342a2af738132d4593b33176a6c52e70c3fda554f721664,fa214616b4d435fd7859d365aaf3873b38c2b6f10975aba532ffeef1e8b8436c
019-196-r1-Ln,196-r1,django__django-16082,Ln,1,519252abf8ac02f51f8f7497284ce0a560ff346b,019-196-r1-Ln,False,VALID,1,bf47c719719d0e190a99fa2e7f959d5bbb7caf8a,agent2skill_swebench_verified_candidate_syntax_v1,django__django-16082,67badd8ed124a0ae201a61cc6afc9330cbff77a93bd9c7f2b15974c5db2eb0db,bc81b8cc2c7a980088ee9bc1e04e348ee9705bf420269d46724ada2155a5a356
020-196-r1-Pn,196-r1,django__django-16082,Pn,1,519252abf8ac02f51f8f7497284ce0a560ff346b,019-196-r1-Ln,True,VALID,1,bf47c719719d0e190a99fa2e7f959d5bbb7caf8a,agent2skill_swebench_verified_candidate_syntax_v1,django__django-16082,67badd8ed124a0ae201a61cc6afc9330cbff77a93bd9c7f2b15974c5db2eb0db,bc81b8cc2c7a980088ee9bc1e04e348ee9705bf420269d46724ada2155a5a356
021-196-r1-LnPn,196-r1,django__django-16082,LnPn,1,7e05c7276a77684f02f42070b923cab6a0f05753,021-196-r1-LnPn,False,VALID,0,bf47c719719d0e190a99fa2e7f959d5bbb7caf8a,agent2skill_swebench_verified_candidate_syntax_v1,django__django-16082,2c8f14aa42c7cd7a683723122002328048a1f8ac215e86873d03b42fd26856eb,e3b0c44298fc1c149afbf4c8996fb92427ae41e4649b934ca495991b7852b855
022-196-r1-Hmini,196-r1,django__django-16082,Hmini,1,519252abf8ac02f51f8f7497284ce0a560ff346b,019-196-r1-Ln,True,VALID,1,bf47c719719d0e190a99fa2e7f959d5bbb7caf8a,agent2skill_swebench_verified_candidate_syntax_v1,django__django-16082,67badd8ed124a0ae201a61cc6afc9330cbff77a93bd9c7f2b15974c5db2eb0db,bc81b8cc2c7a980088ee9bc1e04e348ee9705bf420269d46724ada2155a5a356
023-196-r1-N,196-r1,django__django-16082,N,1,7e05c7276a77684f02f42070b923cab6a0f05753,021-196-r1-LnPn,True,VALID,0,bf47c719719d0e190a99fa2e7f959d5bbb7caf8a,agent2skill_swebench_verified_candidate_syntax_v1,django__django-16082,2c8f14aa42c7cd7a683723122002328048a1f8ac215e86873d03b42fd26856eb,e3b0c44298fc1c149afbf4c8996fb92427ae41e4649b934ca495991b7852b855
024-196-r1-L,196-r1,django__django-16082,L,1,7e05c7276a77684f02f42070b923cab6a0f05753,021-196-r1-LnPn,True,VALID,0,bf47c719719d0e190a99fa2e7f959d5bbb7caf8a,agent2skill_swebench_verified_candidate_syntax_v1,django__django-16082,2c8f14aa42c7cd7a683723122002328048a1f8ac215e86873d03b42fd26856eb,e3b0c44298fc1c149afbf4c8996fb92427ae41e4649b934ca495991b7852b855
025-197-r1-LP,197-r1,django__django-15103,LP,1,1133cc88a6b1b916cee6903fccf4f7c18a6732de,025-197-r1-LP,False,VALID,1,dd528cb2cefc0db8b91a7ff0a2bc87305b976597,agent2skill_swebench_verified_candidate_syntax_v1,django__django-15103,ea4ea60e3c91fe83781c5c6ed676440b52f753536a09986268e735413daa3888,3d6642ba17443af27df5d2298b6327c2a6491c89ba198a680b278124368c765b
026-197-r1-Ln,197-r1,django__django-15103,Ln,1,8ed11049c99f38dcb01eb7120e7c537268d94c4d,026-197-r1-Ln,False,VALID,0,dd528cb2cefc0db8b91a7ff0a2bc87305b976597,agent2skill_swebench_verified_candidate_syntax_v1,django__django-15103,330dc9969d8f96803233a956c10a68b2963721fbee412d908db95e61490543f5,e3b0c44298fc1c149afbf4c8996fb92427ae41e4649b934ca495991b7852b855
027-197-r1-Pn,197-r1,django__django-15103,Pn,1,9282b3cff403dc192e5f5ed83fcb2edff3ff1b7f,027-197-r1-Pn,False,VALID,1,dd528cb2cefc0db8b91a7ff0a2bc87305b976597,agent2skill_swebench_verified_candidate_syntax_v1,django__django-15103,e565f0427a55fdcfef0a87da4b8427c2d11515ef1288f25e4acf47c85044cb46,7e7995060e9c814a182aece6cfa883b61387a4e89b4ae8f30e5ff81e902ed025
028-197-r1-LnPn,197-r1,django__django-15103,LnPn,1,8ed11049c99f38dcb01eb7120e7c537268d94c4d,026-197-r1-Ln,True,VALID,0,dd528cb2cefc0db8b91a7ff0a2bc87305b976597,agent2skill_swebench_verified_candidate_syntax_v1,django__django-15103,330dc9969d8f96803233a956c10a68b2963721fbee412d908db95e61490543f5,e3b0c44298fc1c149afbf4c8996fb92427ae41e4649b934ca495991b7852b855
029-197-r1-Hmini,197-r1,django__django-15103,Hmini,1,e3150efcdd7978e88cf5773ab4e1282219b59b5f,029-197-r1-Hmini,False,VALID,0,dd528cb2cefc0db8b91a7ff0a2bc87305b976597,agent2skill_swebench_verified_candidate_syntax_v1,django__django-15103,f16ff69bcb7cc0fa7a5959d6f24e63ce0295ead193e181911b925e57511df45e,211d4018fa2a486b38d9d37e8111511aaba117c62c042d2a9cd78d7533007d53
030-197-r1-N,197-r1,django__django-15103,N,1,1dfb1b2ab52ec39790c0e086a7178780ab4ff291,030-197-r1-N,False,VALID,0,dd528cb2cefc0db8b91a7ff0a2bc87305b976597,agent2skill_swebench_verified_candidate_syntax_v1,django__django-15103,12d5bd1d97f2dcc01cc02381c153aaf97552539a3d3882db7c80f9c006a06d5a,5a6a954b2f79ee0c92382ed360fccc3e43793684d6f07ab1db4861108aea0012
031-197-r1-L,197-r1,django__django-15103,L,1,c727c9b6d812b72b30f14dca4ebc5e1fdcd48214,031-197-r1-L,False,VALID,1,dd528cb2cefc0db8b91a7ff0a2bc87305b976597,agent2skill_swebench_verified_candidate_syntax_v1,django__django-15103,034f781f1d68feaf8cbfce5ed6e4c85015de5f4b027a5867c5204d692efa254c,a85efdba04c96ee63d6767cf91defc743830e59cab3fe9bebdc396f0a6c7acf6
032-197-r1-P,197-r1,django__django-15103,P,1,a75ffe698eebc31ac5ca41e4ec2095c3baa579db,032-197-r1-P,False,VALID,1,dd528cb2cefc0db8b91a7ff0a2bc87305b976597,agent2skill_swebench_verified_candidate_syntax_v1,django__django-15103,306827556922aacec7d9e42d438ef9f907911ba911c518d3cde0101c28c94feb,fddb43ef04c05a2c2e32468407651c430a1b412fb1bfa51774f2d23d5e57a07f
033-198-r1-Ln,198-r1,matplotlib__matplotlib-20676,Ln,1,6bf93602edfd4a422d630966b92eb4c60ad2bfed,033-198-r1-Ln,False,VALID,0,6786f437df54ca7780a047203cbcfaa1db8dc542,agent2skill_swebench_verified_candidate_syntax_v1,matplotlib__matplotlib-20676,44c9f84d2b63229bf7305fe2d282e211f6634308fda3ddaabbee9060ba2fabc9,e3b0c44298fc1c149afbf4c8996fb92427ae41e4649b934ca495991b7852b855
034-198-r1-Pn,198-r1,matplotlib__matplotlib-20676,Pn,1,04da0b0ca0c2cd5dcfd59c120f0e9217f8ec24a8,034-198-r1-Pn,False,VALID,1,6786f437df54ca7780a047203cbcfaa1db8dc542,agent2skill_swebench_verified_candidate_syntax_v1,matplotlib__matplotlib-20676,4f97b8cb219d25e7e45a457d24ea7bf51b750f280b872b8fea329ceaf0d64c8f,40c424a92248f4464e63c326efa1728a8b77f0fbd3cd0b6b4fe6012d7b4ff27a
035-198-r1-LnPn,198-r1,matplotlib__matplotlib-20676,LnPn,1,6bf93602edfd4a422d630966b92eb4c60ad2bfed,033-198-r1-Ln,True,VALID,0,6786f437df54ca7780a047203cbcfaa1db8dc542,agent2skill_swebench_verified_candidate_syntax_v1,matplotlib__matplotlib-20676,44c9f84d2b63229bf7305fe2d282e211f6634308fda3ddaabbee9060ba2fabc9,e3b0c44298fc1c149afbf4c8996fb92427ae41e4649b934ca495991b7852b855
036-198-r1-Hmini,198-r1,matplotlib__matplotlib-20676,Hmini,1,6bf93602edfd4a422d630966b92eb4c60ad2bfed,033-198-r1-Ln,True,VALID,0,6786f437df54ca7780a047203cbcfaa1db8dc542,agent2skill_swebench_verified_candidate_syntax_v1,matplotlib__matplotlib-20676,44c9f84d2b63229bf7305fe2d282e211f6634308fda3ddaabbee9060ba2fabc9,e3b0c44298fc1c149afbf4c8996fb92427ae41e4649b934ca495991b7852b855
037-198-r1-N,198-r1,matplotlib__matplotlib-20676,N,1,6bf93602edfd4a422d630966b92eb4c60ad2bfed,033-198-r1-Ln,True,VALID,0,6786f437df54ca7780a047203cbcfaa1db8dc542,agent2skill_swebench_verified_candidate_syntax_v1,matplotlib__matplotlib-20676,44c9f84d2b63229bf7305fe2d282e211f6634308fda3ddaabbee9060ba2fabc9,e3b0c44298fc1c149afbf4c8996fb92427ae41e4649b934ca495991b7852b855
038-198-r1-L,198-r1,matplotlib__matplotlib-20676,L,1,6bf93602edfd4a422d630966b92eb4c60ad2bfed,033-198-r1-Ln,True,VALID,0,6786f437df54ca7780a047203cbcfaa1db8dc542,agent2skill_swebench_verified_candidate_syntax_v1,matplotlib__matplotlib-20676,44c9f84d2b63229bf7305fe2d282e211f6634308fda3ddaabbee9060ba2fabc9,e3b0c44298fc1c149afbf4c8996fb92427ae41e4649b934ca495991b7852b855
039-198-r1-P,198-r1,matplotlib__matplotlib-20676,P,1,864f7a99d679e45bbe99d76e9fbb6cbc93d01da9,039-198-r1-P,False,VALID,0,6786f437df54ca7780a047203cbcfaa1db8dc542,agent2skill_swebench_verified_candidate_syntax_v1,matplotlib__matplotlib-20676,f394f9926663db27177c417b5f31e8a014b1101a61999473d949577b1522b143,1be84a64494df6341c4a2e33e135113dfe02ffa7f7b49ca0e1762e6c337ecb39
040-198-r1-LP,198-r1,matplotlib__matplotlib-20676,LP,1,6bf93602edfd4a422d630966b92eb4c60ad2bfed,033-198-r1-Ln,True,VALID,0,6786f437df54ca7780a047203cbcfaa1db8dc542,agent2skill_swebench_verified_candidate_syntax_v1,matplotlib__matplotlib-20676,44c9f84d2b63229bf7305fe2d282e211f6634308fda3ddaabbee9060ba2fabc9,e3b0c44298fc1c149afbf4c8996fb92427ae41e4649b934ca495991b7852b855
041-199-r1-Pn,199-r1,django__django-11299,Pn,1,71415dd40f4c3011451ead7a48f15dc91def95f8,041-199-r1-Pn,False,VALID,1,6866c91b638de5368c18713fa851bfe56253ea55,agent2skill_swebench_verified_candidate_syntax_v1,django__django-11299,a308e2df32b6b996687e9a13250337a60fc54281651ea9da9be9c82b171b8377,b432b4b82ab69c954bae118ecc1a8e552f1487cf2072d0eab828752852b96038
042-199-r1-LnPn,199-r1,django__django-11299,LnPn,1,0d9003de07959a3bdb3be808fdff098dfa7c7fac,042-199-r1-LnPn,False,VALID,0,6866c91b638de5368c18713fa851bfe56253ea55,agent2skill_swebench_verified_candidate_syntax_v1,django__django-11299,decf17d9afeab04cbf69c3e646f3b0a64a1122aa6474e66f763906e887b877e4,e3b0c44298fc1c149afbf4c8996fb92427ae41e4649b934ca495991b7852b855
043-199-r1-Hmini,199-r1,django__django-11299,Hmini,1,0d9003de07959a3bdb3be808fdff098dfa7c7fac,042-199-r1-LnPn,True,VALID,0,6866c91b638de5368c18713fa851bfe56253ea55,agent2skill_swebench_verified_candidate_syntax_v1,django__django-11299,decf17d9afeab04cbf69c3e646f3b0a64a1122aa6474e66f763906e887b877e4,e3b0c44298fc1c149afbf4c8996fb92427ae41e4649b934ca495991b7852b855
044-199-r1-N,199-r1,django__django-11299,N,1,58fa4894912e5ae4c8c101e6115265768ee85d50,044-199-r1-N,False,VALID,1,6866c91b638de5368c18713fa851bfe56253ea55,agent2skill_swebench_verified_candidate_syntax_v1,django__django-11299,dc15626ab2ff997f374b0f9ca9ca846fc5a624f7288e71a18948cf53b3514667,7df3e9b682f79f4ca1b791e6ad9897f084167989407cafc799dc95e1ccb2697f
045-199-r1-L,199-r1,django__django-11299,L,1,0d9003de07959a3bdb3be808fdff098dfa7c7fac,042-199-r1-LnPn,True,VALID,0,6866c91b638de5368c18713fa851bfe56253ea55,agent2skill_swebench_verified_candidate_syntax_v1,django__django-11299,decf17d9afeab04cbf69c3e646f3b0a64a1122aa6474e66f763906e887b877e4,e3b0c44298fc1c149afbf4c8996fb92427ae41e4649b934ca495991b7852b855
046-199-r1-P,199-r1,django__django-11299,P,1,0d9003de07959a3bdb3be808fdff098dfa7c7fac,042-199-r1-LnPn,True,VALID,0,6866c91b638de5368c18713fa851bfe56253ea55,agent2skill_swebench_verified_candidate_syntax_v1,django__django-11299,decf17d9afeab04cbf69c3e646f3b0a64a1122aa6474e66f763906e887b877e4,e3b0c44298fc1c149afbf4c8996fb92427ae41e4649b934ca495991b7852b855
047-199-r1-LP,199-r1,django__django-11299,LP,1,62d64c4cb8c401b11019eb2d181fe36b1bd4280e,047-199-r1-LP,False,VALID,0,6866c91b638de5368c18713fa851bfe56253ea55,agent2skill_swebench_verified_candidate_syntax_v1,django__django-11299,f1dea65470cb8a5b0ff7c00a6bfaf717d25892fb535185e674ac012ad9323289,01505a0fe64e67424a0b367458164b91a8de55e279db8dbec18824e189467c58
048-199-r1-Ln,199-r1,django__django-11299,Ln,1,58fa4894912e5ae4c8c101e6115265768ee85d50,044-199-r1-N,True,VALID,1,6866c91b638de5368c18713fa851bfe56253ea55,agent2skill_swebench_verified_candidate_syntax_v1,django__django-11299,dc15626ab2ff997f374b0f9ca9ca846fc5a624f7288e71a18948cf53b3514667,7df3e9b682f79f4ca1b791e6ad9897f084167989407cafc799dc95e1ccb2697f
049-200-r1-LnPn,200-r1,django__django-16877,LnPn,1,e34d4fb7841605fa4fad6e055463d30b7ea2ba25,049-200-r1-LnPn,False,VALID,0,98f6ada0e2058d67d91fb6c16482411ec2ca0967,agent2skill_swebench_verified_candidate_syntax_v1,django__django-16877,ee910990e6a14b0602e39f6f700dd1fa8231432472f8f60edbf0aa5081e36626,e3b0c44298fc1c149afbf4c8996fb92427ae41e4649b934ca495991b7852b855
050-200-r1-Hmini,200-r1,django__django-16877,Hmini,1,e34d4fb7841605fa4fad6e055463d30b7ea2ba25,049-200-r1-LnPn,True,VALID,0,98f6ada0e2058d67d91fb6c16482411ec2ca0967,agent2skill_swebench_verified_candidate_syntax_v1,django__django-16877,ee910990e6a14b0602e39f6f700dd1fa8231432472f8f60edbf0aa5081e36626,e3b0c44298fc1c149afbf4c8996fb92427ae41e4649b934ca495991b7852b855
051-200-r1-N,200-r1,django__django-16877,N,1,e34d4fb7841605fa4fad6e055463d30b7ea2ba25,049-200-r1-LnPn,True,VALID,0,98f6ada0e2058d67d91fb6c16482411ec2ca0967,agent2skill_swebench_verified_candidate_syntax_v1,django__django-16877,ee910990e6a14b0602e39f6f700dd1fa8231432472f8f60edbf0aa5081e36626,e3b0c44298fc1c149afbf4c8996fb92427ae41e4649b934ca495991b7852b855
052-200-r1-L,200-r1,django__django-16877,L,1,e34d4fb7841605fa4fad6e055463d30b7ea2ba25,049-200-r1-LnPn,True,VALID,0,98f6ada0e2058d67d91fb6c16482411ec2ca0967,agent2skill_swebench_verified_candidate_syntax_v1,django__django-16877,ee910990e6a14b0602e39f6f700dd1fa8231432472f8f60edbf0aa5081e36626,e3b0c44298fc1c149afbf4c8996fb92427ae41e4649b934ca495991b7852b855
053-200-r1-P,200-r1,django__django-16877,P,1,b536cc250e49cb00cf97a133fdb2123fbac2f9ce,053-200-r1-P,False,VALID,0,98f6ada0e2058d67d91fb6c16482411ec2ca0967,agent2skill_swebench_verified_candidate_syntax_v1,django__django-16877,2942d964eeee55eee0a5f2039645ea567e003e9ab296f2290eb92cbda11168f8,c9012a7aff92110240b269e5b92c83f5b82c3ec498e7a02a0f37d909b1b5f983
054-200-r1-LP,200-r1,django__django-16877,LP,1,5a7ded3a3be58a3d97e0ce36b555dbdb080bedc9,054-200-r1-LP,False,VALID,1,98f6ada0e2058d67d91fb6c16482411ec2ca0967,agent2skill_swebench_verified_candidate_syntax_v1,django__django-16877,6ab632a68e5da4ed7b7ac1a3778ced0a99ef34bc34b286ab23c688a6e225c9d7,586f19b9b8cffbb4cc4752eecb4da1e96be4068a6af9cdeb94d3192095c0694a
055-200-r1-Ln,200-r1,django__django-16877,Ln,1,e34d4fb7841605fa4fad6e055463d30b7ea2ba25,049-200-r1-LnPn,True,VALID,0,98f6ada0e2058d67d91fb6c16482411ec2ca0967,agent2skill_swebench_verified_candidate_syntax_v1,django__django-16877,ee910990e6a14b0602e39f6f700dd1fa8231432472f8f60edbf0aa5081e36626,e3b0c44298fc1c149afbf4c8996fb92427ae41e4649b934ca495991b7852b855
056-200-r1-Pn,200-r1,django__django-16877,Pn,1,f4adc6145ba52588ca4f837042e0c30580dc8b79,056-200-r1-Pn,False,VALID,1,98f6ada0e2058d67d91fb6c16482411ec2ca0967,agent2skill_swebench_verified_candidate_syntax_v1,django__django-16877,3eeebe1665c481309535f59436d53532337f07377fed7e2460a71f22b29642cd,50afc1f53ffc61c635d66d55aedafe800ba8b5c3ca88d4a163558dfcaacd0471
057-201-r1-Hmini,201-r1,django__django-15467,Hmini,1,30b85b21a3dd47fc02150c28014f030b17776e23,057-201-r1-Hmini,False,VALID,1,e0442a628eb480eac6a7888aed5a86f83499e299,agent2skill_swebench_verified_candidate_syntax_v1,django__django-15467,e56f07e1e7bc4379bdafb410b4cd988777dc17e59843fd071aa4f30191eae8d5,13a737cc0cba2851d9f59d717d20d1b9b64af204ea9e6f9741084e39e4a9cb85
058-201-r1-N,201-r1,django__django-15467,N,1,c4ac9a0552f78d5e0bc3380b532e867c4f235a51,058-201-r1-N,False,VALID,1,e0442a628eb480eac6a7888aed5a86f83499e299,agent2skill_swebench_verified_candidate_syntax_v1,django__django-15467,e256392c355da2c35ecf536272455a6120cbfd53b3934bf51b2693abed1e394e,8bc285c9d86f5acb4839ebf0417bd53db757bb9c5e62c22fd50844f8d0d78c54
059-201-r1-L,201-r1,django__django-15467,L,1,79d1e023254f70a90e618a2de6a6dbacb9d4d3ea,059-201-r1-L,False,VALID,1,e0442a628eb480eac6a7888aed5a86f83499e299,agent2skill_swebench_verified_candidate_syntax_v1,django__django-15467,9c122666a85f4f1630381729697a0006ca54c3307b05515459b61bcd82f49c54,9404e3776a2c37c8ffd0714ee2de2e4f3acc3cd8d0c137f7f1757a2a5fd30581
060-201-r1-P,201-r1,django__django-15467,P,1,b13b55a73d7b2b109dcd292677fa464bf90e4c99,060-201-r1-P,False,VALID,1,e0442a628eb480eac6a7888aed5a86f83499e299,agent2skill_swebench_verified_candidate_syntax_v1,django__django-15467,2440a448fb60b29aaa819446b19efe8edb4ea83ed2780bd8af1c3373105d972d,747aa2be4f5454ce0b3184d6ec295683e724295cc67d1f60636d20165c35453e
061-201-r1-LP,201-r1,django__django-15467,LP,1,b13b55a73d7b2b109dcd292677fa464bf90e4c99,060-201-r1-P,True,VALID,1,e0442a628eb480eac6a7888aed5a86f83499e299,agent2skill_swebench_verified_candidate_syntax_v1,django__django-15467,2440a448fb60b29aaa819446b19efe8edb4ea83ed2780bd8af1c3373105d972d,747aa2be4f5454ce0b3184d6ec295683e724295cc67d1f60636d20165c35453e
062-201-r1-Ln,201-r1,django__django-15467,Ln,1,c4ac9a0552f78d5e0bc3380b532e867c4f235a51,058-201-r1-N,True,VALID,1,e0442a628eb480eac6a7888aed5a86f83499e299,agent2skill_swebench_verified_candidate_syntax_v1,django__django-15467,e256392c355da2c35ecf536272455a6120cbfd53b3934bf51b2693abed1e394e,8bc285c9d86f5acb4839ebf0417bd53db757bb9c5e62c22fd50844f8d0d78c54
063-201-r1-Pn,201-r1,django__django-15467,Pn,1,c4ac9a0552f78d5e0bc3380b532e867c4f235a51,058-201-r1-N,True,VALID,1,e0442a628eb480eac6a7888aed5a86f83499e299,agent2skill_swebench_verified_candidate_syntax_v1,django__django-15467,e256392c355da2c35ecf536272455a6120cbfd53b3934bf51b2693abed1e394e,8bc285c9d86f5acb4839ebf0417bd53db757bb9c5e62c22fd50844f8d0d78c54
064-201-r1-LnPn,201-r1,django__django-15467,LnPn,1,ab7943a80285196fcf7797bb9bf84ae86cf16ae6,064-201-r1-LnPn,False,VALID,0,e0442a628eb480eac6a7888aed5a86f83499e299,agent2skill_swebench_verified_candidate_syntax_v1,django__django-15467,44525f7f8623270fa34c902db82b4f88e74cfcc2752f0145bd095bb9eb0749ae,e3b0c44298fc1c149afbf4c8996fb92427ae41e4649b934ca495991b7852b855
065-202-r1-N,202-r1,pytest-dev__pytest-8399,N,1,8501ad3839bb098676d9d3354979cef6e218d95c,065-202-r1-N,False,VALID,0,6e7dc8bac831cd8cf7a53b08efa366bd84f0c0fe,agent2skill_swebench_verified_candidate_syntax_v1,pytest-dev__pytest-8399,3107cb0793b2b18e7d8d72247e6470a73151d9c66b500291228c618a598c4f58,e3b0c44298fc1c149afbf4c8996fb92427ae41e4649b934ca495991b7852b855
066-202-r1-L,202-r1,pytest-dev__pytest-8399,L,1,3ccf5b0c304a9b86e2185cd5e508f8904b589de4,066-202-r1-L,False,VALID,1,6e7dc8bac831cd8cf7a53b08efa366bd84f0c0fe,agent2skill_swebench_verified_candidate_syntax_v1,pytest-dev__pytest-8399,0e1e52c5f45956dcc37ef6c09ab12704fa2b9199435aab13e2371fee1a8ee713,11aa47036ddebbf07a30e4624d9e430555305e7f6f45c050e32a4800b9a9e093
067-202-r1-P,202-r1,pytest-dev__pytest-8399,P,1,92dd35a9cd10e34efb83911979bac23df87e0493,067-202-r1-P,False,VALID,1,6e7dc8bac831cd8cf7a53b08efa366bd84f0c0fe,agent2skill_swebench_verified_candidate_syntax_v1,pytest-dev__pytest-8399,6885d3353580c70069d3a906038e75d8bca4e0d140b17a796346e8bbd20445bd,c5d0a2847778fa72adac5cfd4c5b08f64dbd7eef1e0900b1b01c025f09dfcd33
068-202-r1-LP,202-r1,pytest-dev__pytest-8399,LP,1,92dd35a9cd10e34efb83911979bac23df87e0493,067-202-r1-P,True,VALID,1,6e7dc8bac831cd8cf7a53b08efa366bd84f0c0fe,agent2skill_swebench_verified_candidate_syntax_v1,pytest-dev__pytest-8399,6885d3353580c70069d3a906038e75d8bca4e0d140b17a796346e8bbd20445bd,c5d0a2847778fa72adac5cfd4c5b08f64dbd7eef1e0900b1b01c025f09dfcd33
069-202-r1-Ln,202-r1,pytest-dev__pytest-8399,Ln,1,3ccf5b0c304a9b86e2185cd5e508f8904b589de4,066-202-r1-L,True,VALID,1,6e7dc8bac831cd8cf7a53b08efa366bd84f0c0fe,agent2skill_swebench_verified_candidate_syntax_v1,pytest-dev__pytest-8399,0e1e52c5f45956dcc37ef6c09ab12704fa2b9199435aab13e2371fee1a8ee713,11aa47036ddebbf07a30e4624d9e430555305e7f6f45c050e32a4800b9a9e093
070-202-r1-Pn,202-r1,pytest-dev__pytest-8399,Pn,1,8501ad3839bb098676d9d3354979cef6e218d95c,065-202-r1-N,True,VALID,0,6e7dc8bac831cd8cf7a53b08efa366bd84f0c0fe,agent2skill_swebench_verified_candidate_syntax_v1,pytest-dev__pytest-8399,3107cb0793b2b18e7d8d72247e6470a73151d9c66b500291228c618a598c4f58,e3b0c44298fc1c149afbf4c8996fb92427ae41e4649b934ca495991b7852b855
071-202-r1-LnPn,202-r1,pytest-dev__pytest-8399,LnPn,1,3ccf5b0c304a9b86e2185cd5e508f8904b589de4,066-202-r1-L,True,VALID,1,6e7dc8bac831cd8cf7a53b08efa366bd84f0c0fe,agent2skill_swebench_verified_candidate_syntax_v1,pytest-dev__pytest-8399,0e1e52c5f45956dcc37ef6c09ab12704fa2b9199435aab13e2371fee1a8ee713,11aa47036ddebbf07a30e4624d9e430555305e7f6f45c050e32a4800b9a9e093
072-202-r1-Hmini,202-r1,pytest-dev__pytest-8399,Hmini,1,8501ad3839bb098676d9d3354979cef6e218d95c,065-202-r1-N,True,VALID,0,6e7dc8bac831cd8cf7a53b08efa366bd84f0c0fe,agent2skill_swebench_verified_candidate_syntax_v1,pytest-dev__pytest-8399,3107cb0793b2b18e7d8d72247e6470a73151d9c66b500291228c618a598c4f58,e3b0c44298fc1c149afbf4c8996fb92427ae41e4649b934ca495991b7852b855
073-203-r1-L,203-r1,django__django-14122,L,1,9f4d51a7138a9e445d089dbcaa0ef987cbb4e86d,073-203-r1-L,False,VALID,0,bc04941bf811d1ea2c79fb7fc20457ed2c7e3410,agent2skill_swebench_verified_candidate_syntax_v1,django__django-14122,1166a32ff7d1778aac6dd76e80f691c9e4de92b1b18c1dceb16563a75dfeb24f,e3b0c44298fc1c149afbf4c8996fb92427ae41e4649b934ca495991b7852b855
074-203-r1-P,203-r1,django__django-14122,P,1,9c89522de5754e85e2e5f47b0d4843118a002286,074-203-r1-P,False,VALID,0,bc04941bf811d1ea2c79fb7fc20457ed2c7e3410,agent2skill_swebench_verified_candidate_syntax_v1,django__django-14122,519806d2e11c57b6da7365d46f9c7b6e5a2bbded131cbee5ba77290ab960ccc5,cfcaed3ed390d8035fab1b70e573c2737349c852f8cc73102656f0c82228a26f
075-203-r1-LP,203-r1,django__django-14122,LP,1,a0241d37c3f2f03aa932df42c3ee87f00ec00d4a,075-203-r1-LP,False,VALID,1,bc04941bf811d1ea2c79fb7fc20457ed2c7e3410,agent2skill_swebench_verified_candidate_syntax_v1,django__django-14122,3103c1efd31e1c840a982cb94aa5c77a5d7abf22ce9c18fbda65857d2dd86322,0e02f5e76e8353ddfa4866f8bac887681b729a6199a295bccf87083cb639f355
076-203-r1-Ln,203-r1,django__django-14122,Ln,1,9f4d51a7138a9e445d089dbcaa0ef987cbb4e86d,073-203-r1-L,True,VALID,0,bc04941bf811d1ea2c79fb7fc20457ed2c7e3410,agent2skill_swebench_verified_candidate_syntax_v1,django__django-14122,1166a32ff7d1778aac6dd76e80f691c9e4de92b1b18c1dceb16563a75dfeb24f,e3b0c44298fc1c149afbf4c8996fb92427ae41e4649b934ca495991b7852b855
077-203-r1-Pn,203-r1,django__django-14122,Pn,1,9f4d51a7138a9e445d089dbcaa0ef987cbb4e86d,073-203-r1-L,True,VALID,0,bc04941bf811d1ea2c79fb7fc20457ed2c7e3410,agent2skill_swebench_verified_candidate_syntax_v1,django__django-14122,1166a32ff7d1778aac6dd76e80f691c9e4de92b1b18c1dceb16563a75dfeb24f,e3b0c44298fc1c149afbf4c8996fb92427ae41e4649b934ca495991b7852b855
078-203-r1-LnPn,203-r1,django__django-14122,LnPn,1,9f4d51a7138a9e445d089dbcaa0ef987cbb4e86d,073-203-r1-L,True,VALID,0,bc04941bf811d1ea2c79fb7fc20457ed2c7e3410,agent2skill_swebench_verified_candidate_syntax_v1,django__django-14122,1166a32ff7d1778aac6dd76e80f691c9e4de92b1b18c1dceb16563a75dfeb24f,e3b0c44298fc1c149afbf4c8996fb92427ae41e4649b934ca495991b7852b855
079-203-r1-Hmini,203-r1,django__django-14122,Hmini,1,9f4d51a7138a9e445d089dbcaa0ef987cbb4e86d,073-203-r1-L,True,VALID,0,bc04941bf811d1ea2c79fb7fc20457ed2c7e3410,agent2skill_swebench_verified_candidate_syntax_v1,django__django-14122,1166a32ff7d1778aac6dd76e80f691c9e4de92b1b18c1dceb16563a75dfeb24f,e3b0c44298fc1c149afbf4c8996fb92427ae41e4649b934ca495991b7852b855
080-203-r1-N,203-r1,django__django-14122,N,1,9f4d51a7138a9e445d089dbcaa0ef987cbb4e86d,073-203-r1-L,True,VALID,0,bc04941bf811d1ea2c79fb7fc20457ed2c7e3410,agent2skill_swebench_verified_candidate_syntax_v1,django__django-14122,1166a32ff7d1778aac6dd76e80f691c9e4de92b1b18c1dceb16563a75dfeb24f,e3b0c44298fc1c149afbf4c8996fb92427ae41e4649b934ca495991b7852b855
081-204-r1-P,204-r1,scikit-learn__scikit-learn-14894,P,1,17ae9a10a287a89b0ec232a464e0e7416c19b3d7,081-204-r1-P,False,VALID,1,fdbaa58acbead5a254f2e6d597dc1ab3b947f4c6,agent2skill_swebench_verified_candidate_syntax_v1,scikit-learn__scikit-learn-14894,0bba22a8138cd22d9193d2188d6fa9c8d0a430090eeabfcdaa351df04240f0ca,ba6aa7fff867702858e9d7166a26dcefcbeb123d15a5c58a85a43bb13fabfec7
082-204-r1-LP,204-r1,scikit-learn__scikit-learn-14894,LP,1,d6c54aee9ab9f651dccfb61c439fbad235c59878,082-204-r1-LP,False,VALID,1,fdbaa58acbead5a254f2e6d597dc1ab3b947f4c6,agent2skill_swebench_verified_candidate_syntax_v1,scikit-learn__scikit-learn-14894,12d0baa5b66c1f9c3816b31c3dbde7c688d82597c15269b4a9dd436deae0268a,0ebb5cb47451d5ddfe12999c2fe483a9a43b48284184838f153eadaea6aa7607
083-204-r1-Ln,204-r1,scikit-learn__scikit-learn-14894,Ln,1,c2877e7a4826e68fca4cdf7b6f4c6189ccb650f1,083-204-r1-Ln,False,VALID,1,fdbaa58acbead5a254f2e6d597dc1ab3b947f4c6,agent2skill_swebench_verified_candidate_syntax_v1,scikit-learn__scikit-learn-14894,21b8a2cb238ba2df7d74fad8909531c32d5d356548f5d2f2d0552c9afb3d44b4,f39352323b8476a30b802e2f12a53024b4aaaedb14e4fa5568feb42a0f7c5618
084-204-r1-Pn,204-r1,scikit-learn__scikit-learn-14894,Pn,1,c8d0ee5e3a6462d793ee5e09c7e9605c911bf73f,084-204-r1-Pn,False,VALID,1,fdbaa58acbead5a254f2e6d597dc1ab3b947f4c6,agent2skill_swebench_verified_candidate_syntax_v1,scikit-learn__scikit-learn-14894,0d9e1d80877f31c9b934d8ef65f1842a2b398ea727ab0dcbfb961f4b293e498a,7964922c21912234e14b4ded2058511bec6fd6a84637cf1113d143d683694f5d
085-204-r1-LnPn,204-r1,scikit-learn__scikit-learn-14894,LnPn,1,be8c6bbbb593725d68f90ecd05b04892549587a7,085-204-r1-LnPn,False,VALID,0,fdbaa58acbead5a254f2e6d597dc1ab3b947f4c6,agent2skill_swebench_verified_candidate_syntax_v1,scikit-learn__scikit-learn-14894,292eaba611d0ad7286198aa5777275aa2b332bc95d4c4914481e9a93ffb3936d,e3b0c44298fc1c149afbf4c8996fb92427ae41e4649b934ca495991b7852b855
086-204-r1-Hmini,204-r1,scikit-learn__scikit-learn-14894,Hmini,1,be8c6bbbb593725d68f90ecd05b04892549587a7,085-204-r1-LnPn,True,VALID,0,fdbaa58acbead5a254f2e6d597dc1ab3b947f4c6,agent2skill_swebench_verified_candidate_syntax_v1,scikit-learn__scikit-learn-14894,292eaba611d0ad7286198aa5777275aa2b332bc95d4c4914481e9a93ffb3936d,e3b0c44298fc1c149afbf4c8996fb92427ae41e4649b934ca495991b7852b855
087-204-r1-N,204-r1,scikit-learn__scikit-learn-14894,N,1,55813b20883e063ec8207e6e2f17e7fb993f1f5c,087-204-r1-N,False,VALID,1,fdbaa58acbead5a254f2e6d597dc1ab3b947f4c6,agent2skill_swebench_verified_candidate_syntax_v1,scikit-learn__scikit-learn-14894,097ddc2d1ac26615d871db3f748c7a7a42483f10727643fc11d4a902e46c03e9,af2226ab98c2d47b4e16c093f9e42738495e3028c612861c018876c82f76ca5a
088-204-r1-L,204-r1,scikit-learn__scikit-learn-14894,L,1,be8c6bbbb593725d68f90ecd05b04892549587a7,085-204-r1-LnPn,True,VALID,0,fdbaa58acbead5a254f2e6d597dc1ab3b947f4c6,agent2skill_swebench_verified_candidate_syntax_v1,scikit-learn__scikit-learn-14894,292eaba611d0ad7286198aa5777275aa2b332bc95d4c4914481e9a93ffb3936d,e3b0c44298fc1c149afbf4c8996fb92427ae41e4649b934ca495991b7852b855
089-205-r1-LP,205-r1,django__django-14434,LP,1,c4e74791aea5d84dba61f23741818d82b2c2de47,089-205-r1-LP,False,VALID,1,5e04e84d67da8163f365e9f5fcd169e2630e2873,agent2skill_swebench_verified_candidate_syntax_v1,django__django-14434,0ac76ced791fee2f7a5f9c5e8a876e7288ebef2541529166cc9dcdb559e7f829,307331b017a0af2d2fa306d317fb01ce177be0b1a84bd7b32ce933710591b835
090-205-r1-Ln,205-r1,django__django-14434,Ln,1,95b7951434e823a12ac50177ae5f6bf828a4dd92,090-205-r1-Ln,False,VALID,0,5e04e84d67da8163f365e9f5fcd169e2630e2873,agent2skill_swebench_verified_candidate_syntax_v1,django__django-14434,a3dddaa43d25fd9a9159ac3e4a5d8db8d7854ef1bae8d18ec90911f57bb806c6,e3b0c44298fc1c149afbf4c8996fb92427ae41e4649b934ca495991b7852b855
091-205-r1-Pn,205-r1,django__django-14434,Pn,1,5b667a832236ebcd37d9343b45bf823420bbd4cc,091-205-r1-Pn,False,VALID,1,5e04e84d67da8163f365e9f5fcd169e2630e2873,agent2skill_swebench_verified_candidate_syntax_v1,django__django-14434,112c6f6809e8956fee938e241105b06d94977076c7ea6a10270dd8e276f11430,97980bbde312a4801cbbe4a430cd8e0106c51650dcdc8dec9993b49f366ab641
092-205-r1-LnPn,205-r1,django__django-14434,LnPn,1,95b7951434e823a12ac50177ae5f6bf828a4dd92,090-205-r1-Ln,True,VALID,0,5e04e84d67da8163f365e9f5fcd169e2630e2873,agent2skill_swebench_verified_candidate_syntax_v1,django__django-14434,a3dddaa43d25fd9a9159ac3e4a5d8db8d7854ef1bae8d18ec90911f57bb806c6,e3b0c44298fc1c149afbf4c8996fb92427ae41e4649b934ca495991b7852b855
093-205-r1-Hmini,205-r1,django__django-14434,Hmini,1,95b7951434e823a12ac50177ae5f6bf828a4dd92,090-205-r1-Ln,True,VALID,0,5e04e84d67da8163f365e9f5fcd169e2630e2873,agent2skill_swebench_verified_candidate_syntax_v1,django__django-14434,a3dddaa43d25fd9a9159ac3e4a5d8db8d7854ef1bae8d18ec90911f57bb806c6,e3b0c44298fc1c149afbf4c8996fb92427ae41e4649b934ca495991b7852b855
094-205-r1-N,205-r1,django__django-14434,N,1,95b7951434e823a12ac50177ae5f6bf828a4dd92,090-205-r1-Ln,True,VALID,0,5e04e84d67da8163f365e9f5fcd169e2630e2873,agent2skill_swebench_verified_candidate_syntax_v1,django__django-14434,a3dddaa43d25fd9a9159ac3e4a5d8db8d7854ef1bae8d18ec90911f57bb806c6,e3b0c44298fc1c149afbf4c8996fb92427ae41e4649b934ca495991b7852b855
095-205-r1-L,205-r1,django__django-14434,L,1,95b7951434e823a12ac50177ae5f6bf828a4dd92,090-205-r1-Ln,True,VALID,0,5e04e84d67da8163f365e9f5fcd169e2630e2873,agent2skill_swebench_verified_candidate_syntax_v1,django__django-14434,a3dddaa43d25fd9a9159ac3e4a5d8db8d7854ef1bae8d18ec90911f57bb806c6,e3b0c44298fc1c149afbf4c8996fb92427ae41e4649b934ca495991b7852b855
096-205-r1-P,205-r1,django__django-14434,P,1,95b7951434e823a12ac50177ae5f6bf828a4dd92,090-205-r1-Ln,True,VALID,0,5e04e84d67da8163f365e9f5fcd169e2630e2873,agent2skill_swebench_verified_candidate_syntax_v1,django__django-14434,a3dddaa43d25fd9a9159ac3e4a5d8db8d7854ef1bae8d18ec90911f57bb806c6,e3b0c44298fc1c149afbf4c8996fb92427ae41e4649b934ca495991b7852b855
097-206-r1-Ln,206-r1,sympy__sympy-15809,Ln,1,18fdb4b49ee254225a9cdbb40e5b39577c9bcf46,097-206-r1-Ln,False,VALID,0,28d913d3cead6c5646307ffa6540b21d65059dfd,agent2skill_swebench_verified_candidate_syntax_v1,sympy__sympy-15809,14ac29ac3883c414afe251bb5e7421ee7ffd854d2c59282593d641be565eff1a,e3b0c44298fc1c149afbf4c8996fb92427ae41e4649b934ca495991b7852b855
098-206-r1-Pn,206-r1,sympy__sympy-15809,Pn,1,18fdb4b49ee254225a9cdbb40e5b39577c9bcf46,097-206-r1-Ln,True,VALID,0,28d913d3cead6c5646307ffa6540b21d65059dfd,agent2skill_swebench_verified_candidate_syntax_v1,sympy__sympy-15809,14ac29ac3883c414afe251bb5e7421ee7ffd854d2c59282593d641be565eff1a,e3b0c44298fc1c149afbf4c8996fb92427ae41e4649b934ca495991b7852b855
099-206-r1-LnPn,206-r1,sympy__sympy-15809,LnPn,1,6d26f61959b3e6bac4163924bf5ef5bf0ce56a2a,099-206-r1-LnPn,False,VALID,1,28d913d3cead6c5646307ffa6540b21d65059dfd,agent2skill_swebench_verified_candidate_syntax_v1,sympy__sympy-15809,ffa40b4d62604de99242da717ae48015b502e9ba743052110ecfb223c7941a90,893e6271839fbe190827664407005b46215ac6eabae4eda53b3338726b600032
100-206-r1-Hmini,206-r1,sympy__sympy-15809,Hmini,1,89b346fe6683da0b1d467cc931d80c887d95438a,100-206-r1-Hmini,False,VALID,1,28d913d3cead6c5646307ffa6540b21d65059dfd,agent2skill_swebench_verified_candidate_syntax_v1,sympy__sympy-15809,d34743e5682fdb7b967e58b35f5984dd85bb7ec53b5f2df77ecf6c2b14527782,a0bdf790acf4254912f6b9c7359198249034b5a33c7b165bfeb710a82733eae7
101-206-r1-N,206-r1,sympy__sympy-15809,N,1,18fdb4b49ee254225a9cdbb40e5b39577c9bcf46,097-206-r1-Ln,True,VALID,0,28d913d3cead6c5646307ffa6540b21d65059dfd,agent2skill_swebench_verified_candidate_syntax_v1,sympy__sympy-15809,14ac29ac3883c414afe251bb5e7421ee7ffd854d2c59282593d641be565eff1a,e3b0c44298fc1c149afbf4c8996fb92427ae41e4649b934ca495991b7852b855
102-206-r1-L,206-r1,sympy__sympy-15809,L,1,18fdb4b49ee254225a9cdbb40e5b39577c9bcf46,097-206-r1-Ln,True,VALID,0,28d913d3cead6c5646307ffa6540b21d65059dfd,agent2skill_swebench_verified_candidate_syntax_v1,sympy__sympy-15809,14ac29ac3883c414afe251bb5e7421ee7ffd854d2c59282593d641be565eff1a,e3b0c44298fc1c149afbf4c8996fb92427ae41e4649b934ca495991b7852b855
103-206-r1-P,206-r1,sympy__sympy-15809,P,1,13a2100c1c6578060a0488d606c10e065caf353b,103-206-r1-P,False,VALID,1,28d913d3cead6c5646307ffa6540b21d65059dfd,agent2skill_swebench_verified_candidate_syntax_v1,sympy__sympy-15809,0328afdc0c79cd733b2b70388e0b709e08dd0f82075b9e95954d59453fed8292,bdb043c1dc46528022b59a8be80e7899bf7680034c8367d3654dc74531cb1074
104-206-r1-LP,206-r1,sympy__sympy-15809,LP,1,6bb8a7bd4792d32147e3a56a6cf3faec2f98c94b,104-206-r1-LP,False,VALID,1,28d913d3cead6c5646307ffa6540b21d65059dfd,agent2skill_swebench_verified_candidate_syntax_v1,sympy__sympy-15809,3ba506f1abccfc1bfa172d521a893659decaea6cc4d921d21418b5746c1f6a22,0a85ea20671973243895ba9cd893f6856ffb5f791646267bface36d67ba1b660
105-207-r1-Pn,207-r1,sphinx-doc__sphinx-9258,Pn,1,f69484a6df5b3d581fbabf68a95705720a7d288d,105-207-r1-Pn,False,VALID,0,06107f838c28ab6ca6bfc2cc208e15997fcb2146,agent2skill_swebench_verified_candidate_syntax_v1,sphinx-doc__sphinx-9258,4d3509d8b216155fa24e74d4d07b070ea488b57bc394a88959677e6634bc1558,e3b0c44298fc1c149afbf4c8996fb92427ae41e4649b934ca495991b7852b855
106-207-r1-LnPn,207-r1,sphinx-doc__sphinx-9258,LnPn,1,1d9dce9e0960dfaf791dfe345a4abf372f0f124e,106-207-r1-LnPn,False,VALID,0,06107f838c28ab6ca6bfc2cc208e15997fcb2146,agent2skill_swebench_verified_candidate_syntax_v1,sphinx-doc__sphinx-9258,1ea010ca9759dca1a20de267a3f7c31529c33b334bf5a9068f5eef69cadc9cb0,1c9ffbf4492152d29656126c6a68be141b8529f2c6e71cbf930c177780660cdf
107-207-r1-Hmini,207-r1,sphinx-doc__sphinx-9258,Hmini,1,f69484a6df5b3d581fbabf68a95705720a7d288d,105-207-r1-Pn,True,VALID,0,06107f838c28ab6ca6bfc2cc208e15997fcb2146,agent2skill_swebench_verified_candidate_syntax_v1,sphinx-doc__sphinx-9258,4d3509d8b216155fa24e74d4d07b070ea488b57bc394a88959677e6634bc1558,e3b0c44298fc1c149afbf4c8996fb92427ae41e4649b934ca495991b7852b855
108-207-r1-N,207-r1,sphinx-doc__sphinx-9258,N,1,d963fdb2af5b87ad0c8c266bb62d20fe18270506,108-207-r1-N,False,VALID,0,06107f838c28ab6ca6bfc2cc208e15997fcb2146,agent2skill_swebench_verified_candidate_syntax_v1,sphinx-doc__sphinx-9258,6840277d70a9f8a0f9db88b5780736e7ad1c9a4b3f8496ff95c24b5b8ee4256a,ecbb827131b5f1a5464300baa0e34f38aae38c2ddb1e548d142042c279995586
109-207-r1-L,207-r1,sphinx-doc__sphinx-9258,L,1,09ea315eeaf3c7cff12df04d0c60ff5770ff35c0,109-207-r1-L,False,VALID,0,06107f838c28ab6ca6bfc2cc208e15997fcb2146,agent2skill_swebench_verified_candidate_syntax_v1,sphinx-doc__sphinx-9258,8dab6573687c55e142c93b3361edbd81307a997fbc0a71e982d903b27ff05be9,fb928cb88bca08743e8501363b00c4f4119338d2d95a30fea99a7ac950f2d500
110-207-r1-P,207-r1,sphinx-doc__sphinx-9258,P,1,f69484a6df5b3d581fbabf68a95705720a7d288d,105-207-r1-Pn,True,VALID,0,06107f838c28ab6ca6bfc2cc208e15997fcb2146,agent2skill_swebench_verified_candidate_syntax_v1,sphinx-doc__sphinx-9258,4d3509d8b216155fa24e74d4d07b070ea488b57bc394a88959677e6634bc1558,e3b0c44298fc1c149afbf4c8996fb92427ae41e4649b934ca495991b7852b855
111-207-r1-LP,207-r1,sphinx-doc__sphinx-9258,LP,1,0117fd21ff451f26a2cf79bbdc5ee572534e7483,111-207-r1-LP,False,VALID,1,06107f838c28ab6ca6bfc2cc208e15997fcb2146,agent2skill_swebench_verified_candidate_syntax_v1,sphinx-doc__sphinx-9258,7248676b8083a06518400b8f2fba7ce5711e23dc174e01bdd1e183374fa7cbef,77fa9ef3f0368d3886e69bf0e6cdaa7099b6d1a0794be9e10e0281010a49b05c
112-207-r1-Ln,207-r1,sphinx-doc__sphinx-9258,Ln,1,32e114081e88cb84dd383b4c267d57344b726e15,112-207-r1-Ln,False,VALID,0,06107f838c28ab6ca6bfc2cc208e15997fcb2146,agent2skill_swebench_verified_candidate_syntax_v1,sphinx-doc__sphinx-9258,fbe0f3be3511c76f420d896fd729f3a4c8fe4781ff58b6689b2ff76971f250da,c6793dedd48e7b740faacde013124e96ca56972250d756228be6ce29cd35456d
113-208-r1-LnPn,208-r1,pylint-dev__pylint-6903,LnPn,1,3c0d9bbb841f902c72e8bfce50bcf36bb8b0354e,113-208-r1-LnPn,False,VALID,1,ca80f03a43bc39e4cc2c67dc99817b3c9f13b8a6,agent2skill_swebench_verified_candidate_syntax_v1,pylint-dev__pylint-6903,bc10d76955e26bbe2a58289be052c7e7d142919591186c336d58c809c76c8e8e,210dc7768b365485bfcf3adf982a180b6fe55b7be65b9ea52d8b1a801b3472bd
114-208-r1-Hmini,208-r1,pylint-dev__pylint-6903,Hmini,1,d68d0843b0eb49bf4d17a2caa0a7755d7be547a2,114-208-r1-Hmini,False,VALID,1,ca80f03a43bc39e4cc2c67dc99817b3c9f13b8a6,agent2skill_swebench_verified_candidate_syntax_v1,pylint-dev__pylint-6903,c31429720dfe7a663249672f221f2cf06d78f55cce6f3ace3f2fd112be6f00fe,662d889be830310610f233241eecc58f09021bb6d0facb2dcd34b978fb377b53
115-208-r1-N,208-r1,pylint-dev__pylint-6903,N,1,7d8fea69d7008d210e9925222923a19165c4fafe,115-208-r1-N,False,VALID,1,ca80f03a43bc39e4cc2c67dc99817b3c9f13b8a6,agent2skill_swebench_verified_candidate_syntax_v1,pylint-dev__pylint-6903,7086818fefeaee9230a7e31c2152afb31915b50fb0a7663233bb48ce851c62c1,a0020c962db7f62cca54813d9a59f999055aaf90e555fc8760200b494b6d9356
116-208-r1-L,208-r1,pylint-dev__pylint-6903,L,1,b900d3fff82675eeb70acf41790673444d96f86e,116-208-r1-L,False,VALID,1,ca80f03a43bc39e4cc2c67dc99817b3c9f13b8a6,agent2skill_swebench_verified_candidate_syntax_v1,pylint-dev__pylint-6903,a5fdc365f1c7123a955174b679b1eee0cd556d2401f84b6f7fade50d4c0d53bd,f3c4a1e31e58fa624c626fc70750805015a114bf2db0e77505a855bb850f33e4
117-208-r1-P,208-r1,pylint-dev__pylint-6903,P,1,1c0c01f376becf002c719222e55f8c906cb254fd,117-208-r1-P,False,VALID,1,ca80f03a43bc39e4cc2c67dc99817b3c9f13b8a6,agent2skill_swebench_verified_candidate_syntax_v1,pylint-dev__pylint-6903,31c21091ee54b8965e51e2f853f40e2f7171d61023e434f48846c8538813a314,e82660fb675696c53f3fc81952a76be419391b10de7f249b4d835efdb019b203
118-208-r1-LP,208-r1,pylint-dev__pylint-6903,LP,1,f277b9817912b3a12be5418a262102e83f1d1b4f,118-208-r1-LP,False,VALID,1,ca80f03a43bc39e4cc2c67dc99817b3c9f13b8a6,agent2skill_swebench_verified_candidate_syntax_v1,pylint-dev__pylint-6903,c39e77ad5f90cd1e5bf4e33d2e9374faca7e57e5460da484c8b70655954fa84b,1be94f972bbfb50f5699d83091ad9b44bb5865cce65112d60607e122e5555e4d
119-208-r1-Ln,208-r1,pylint-dev__pylint-6903,Ln,1,4c48b2a43e54c21e69008907ed604ac50a7ec76a,119-208-r1-Ln,False,VALID,1,ca80f03a43bc39e4cc2c67dc99817b3c9f13b8a6,agent2skill_swebench_verified_candidate_syntax_v1,pylint-dev__pylint-6903,b535ed7fd67bb5ccc65776bc0bc9da9a1fec952ab42989b6c73c48b20377224c,17dfbf782db30375530db9553c375cb5b6cedcf274e219a90fe317c646d22443
120-208-r1-Pn,208-r1,pylint-dev__pylint-6903,Pn,1,a1a51dede2fc1d84981ea868865c006875c5f487,120-208-r1-Pn,False,VALID,1,ca80f03a43bc39e4cc2c67dc99817b3c9f13b8a6,agent2skill_swebench_verified_candidate_syntax_v1,pylint-dev__pylint-6903,de1dde3499860ef461f292c4c4d76d9f3f6be73a7f94846e98dfcd2b517ddb91,05af70157603c4900dc0df8b4b28f86f9c9542f46512cc26804c970993360c53
121-209-r1-Hmini,209-r1,django__django-14500,Hmini,1,4e6717eeccf185b2d4698aa4cdd51a7d6165418a,121-209-r1-Hmini,False,VALID,0,8c3bd0b708b488a1f6e8bd8cc6b96569904605be,agent2skill_swebench_verified_candidate_syntax_v1,django__django-14500,0f8297c1e5fdba5136549e8481ecd24caacb07e1e60b8e87dfc2ec4dc66ed202,e3b0c44298fc1c149afbf4c8996fb92427ae41e4649b934ca495991b7852b855
122-209-r1-N,209-r1,django__django-14500,N,1,4e6717eeccf185b2d4698aa4cdd51a7d6165418a,121-209-r1-Hmini,True,VALID,0,8c3bd0b708b488a1f6e8bd8cc6b96569904605be,agent2skill_swebench_verified_candidate_syntax_v1,django__django-14500,0f8297c1e5fdba5136549e8481ecd24caacb07e1e60b8e87dfc2ec4dc66ed202,e3b0c44298fc1c149afbf4c8996fb92427ae41e4649b934ca495991b7852b855
123-209-r1-L,209-r1,django__django-14500,L,1,797fb40d0ba0fbbcbc2132e6f3c45cf83b875ac8,123-209-r1-L,False,VALID,1,8c3bd0b708b488a1f6e8bd8cc6b96569904605be,agent2skill_swebench_verified_candidate_syntax_v1,django__django-14500,d3ed993bd6cbe693720415b67901d643662e330a68a4c601d1fa3ac91da2db20,bf192409b939ea39298f368a12e1debd889670f0362ecf929a53da3ab2064008
124-209-r1-P,209-r1,django__django-14500,P,1,178f1f414997f62b6ab3447bb2dde58b8a04b5a0,124-209-r1-P,False,VALID,1,8c3bd0b708b488a1f6e8bd8cc6b96569904605be,agent2skill_swebench_verified_candidate_syntax_v1,django__django-14500,819ef3cfdb0c46ede14630cfeb960531e47e634d7125a580d8895091879deb98,491be9e2b5d3ec3668f02d3ee5ff5e6684245f26f9f238ee006814995f465aea
125-209-r1-LP,209-r1,django__django-14500,LP,1,55af4e64989354ed749d4a4759fa103d3d882029,125-209-r1-LP,False,VALID,1,8c3bd0b708b488a1f6e8bd8cc6b96569904605be,agent2skill_swebench_verified_candidate_syntax_v1,django__django-14500,561aa274d78bb474a64f924e66a36b44ba3e72886922986f049665533b095708,f82a703e16a4bd65f0352b55d43d601b3adb60dc30cc9f34a41e02d53546281a
126-209-r1-Ln,209-r1,django__django-14500,Ln,1,4e6717eeccf185b2d4698aa4cdd51a7d6165418a,121-209-r1-Hmini,True,VALID,0,8c3bd0b708b488a1f6e8bd8cc6b96569904605be,agent2skill_swebench_verified_candidate_syntax_v1,django__django-14500,0f8297c1e5fdba5136549e8481ecd24caacb07e1e60b8e87dfc2ec4dc66ed202,e3b0c44298fc1c149afbf4c8996fb92427ae41e4649b934ca495991b7852b855
127-209-r1-Pn,209-r1,django__django-14500,Pn,1,34a740320f704fcb585c22cf2b01c5a667922c17,127-209-r1-Pn,False,VALID,1,8c3bd0b708b488a1f6e8bd8cc6b96569904605be,agent2skill_swebench_verified_candidate_syntax_v1,django__django-14500,2f04d2ac017c1f539beb392e6dfea68483a83712ba4e329c4d1f572451c28eec,3d7de066dc7f0b1ed50eb24350ac1e3acbadedb55c63dbaef5d32bbca4d806a4
128-209-r1-LnPn,209-r1,django__django-14500,LnPn,1,4e6717eeccf185b2d4698aa4cdd51a7d6165418a,121-209-r1-Hmini,True,VALID,0,8c3bd0b708b488a1f6e8bd8cc6b96569904605be,agent2skill_swebench_verified_candidate_syntax_v1,django__django-14500,0f8297c1e5fdba5136549e8481ecd24caacb07e1e60b8e87dfc2ec4dc66ed202,e3b0c44298fc1c149afbf4c8996fb92427ae41e4649b934ca495991b7852b855
129-199-r2-LnPn,199-r2,django__django-11299,LnPn,2,0d9003de07959a3bdb3be808fdff098dfa7c7fac,042-199-r1-LnPn,True,VALID,0,6866c91b638de5368c18713fa851bfe56253ea55,agent2skill_swebench_verified_candidate_syntax_v1,django__django-11299,decf17d9afeab04cbf69c3e646f3b0a64a1122aa6474e66f763906e887b877e4,e3b0c44298fc1c149afbf4c8996fb92427ae41e4649b934ca495991b7852b855
130-199-r2-Hmini,199-r2,django__django-11299,Hmini,2,0d9003de07959a3bdb3be808fdff098dfa7c7fac,042-199-r1-LnPn,True,VALID,0,6866c91b638de5368c18713fa851bfe56253ea55,agent2skill_swebench_verified_candidate_syntax_v1,django__django-11299,decf17d9afeab04cbf69c3e646f3b0a64a1122aa6474e66f763906e887b877e4,e3b0c44298fc1c149afbf4c8996fb92427ae41e4649b934ca495991b7852b855
131-199-r2-N,199-r2,django__django-11299,N,2,0d9003de07959a3bdb3be808fdff098dfa7c7fac,042-199-r1-LnPn,True,VALID,0,6866c91b638de5368c18713fa851bfe56253ea55,agent2skill_swebench_verified_candidate_syntax_v1,django__django-11299,decf17d9afeab04cbf69c3e646f3b0a64a1122aa6474e66f763906e887b877e4,e3b0c44298fc1c149afbf4c8996fb92427ae41e4649b934ca495991b7852b855
132-199-r2-L,199-r2,django__django-11299,L,2,0d9003de07959a3bdb3be808fdff098dfa7c7fac,042-199-r1-LnPn,True,VALID,0,6866c91b638de5368c18713fa851bfe56253ea55,agent2skill_swebench_verified_candidate_syntax_v1,django__django-11299,decf17d9afeab04cbf69c3e646f3b0a64a1122aa6474e66f763906e887b877e4,e3b0c44298fc1c149afbf4c8996fb92427ae41e4649b934ca495991b7852b855
133-199-r2-P,199-r2,django__django-11299,P,2,d5908a85d21f9f9cd2c8069723511f3efea4a700,133-199-r2-P,False,VALID,0,6866c91b638de5368c18713fa851bfe56253ea55,agent2skill_swebench_verified_candidate_syntax_v1,django__django-11299,7d2e8c95dc6625d646e559c555fb273a7b274a7a0522faf4e08561f594fd8dd6,f10bb0ca8ce1eb4c7e04b64fdb8e20acc00b4be29194e5f7590b56c9b1303797
134-199-r2-LP,199-r2,django__django-11299,LP,2,dd943cf6df870469522f719f5e312e2e19470c94,134-199-r2-LP,False,VALID,0,6866c91b638de5368c18713fa851bfe56253ea55,agent2skill_swebench_verified_candidate_syntax_v1,django__django-11299,e0fe785220bf904b1f3224279ccb5d0083e481d3e4897c90f3b75114ad55d4e3,76a216159aeef97d4a61bb8b151471e299da7cf1ff23a3b5cf9709b37782985a
135-199-r2-Ln,199-r2,django__django-11299,Ln,2,0d9003de07959a3bdb3be808fdff098dfa7c7fac,042-199-r1-LnPn,True,VALID,0,6866c91b638de5368c18713fa851bfe56253ea55,agent2skill_swebench_verified_candidate_syntax_v1,django__django-11299,decf17d9afeab04cbf69c3e646f3b0a64a1122aa6474e66f763906e887b877e4,e3b0c44298fc1c149afbf4c8996fb92427ae41e4649b934ca495991b7852b855
136-199-r2-Pn,199-r2,django__django-11299,Pn,2,0d9003de07959a3bdb3be808fdff098dfa7c7fac,042-199-r1-LnPn,True,VALID,0,6866c91b638de5368c18713fa851bfe56253ea55,agent2skill_swebench_verified_candidate_syntax_v1,django__django-11299,decf17d9afeab04cbf69c3e646f3b0a64a1122aa6474e66f763906e887b877e4,e3b0c44298fc1c149afbf4c8996fb92427ae41e4649b934ca495991b7852b855
137-200-r2-Hmini,200-r2,django__django-16877,Hmini,2,9b9fee9d493648b01e9e5d6356ca92f259edc2b3,137-200-r2-Hmini,False,VALID,1,98f6ada0e2058d67d91fb6c16482411ec2ca0967,agent2skill_swebench_verified_candidate_syntax_v1,django__django-16877,2a6619a25ba1da3678ae6f3601ab22374d81e487a033a8c145cd44ad8d415808,e162b93ab45bbaeff5d2a99bbc6073b2394920bc4c38b7ad7a9b1a352b68971d
138-200-r2-N,200-r2,django__django-16877,N,2,e34d4fb7841605fa4fad6e055463d30b7ea2ba25,049-200-r1-LnPn,True,VALID,0,98f6ada0e2058d67d91fb6c16482411ec2ca0967,agent2skill_swebench_verified_candidate_syntax_v1,django__django-16877,ee910990e6a14b0602e39f6f700dd1fa8231432472f8f60edbf0aa5081e36626,e3b0c44298fc1c149afbf4c8996fb92427ae41e4649b934ca495991b7852b855
139-200-r2-L,200-r2,django__django-16877,L,2,e34d4fb7841605fa4fad6e055463d30b7ea2ba25,049-200-r1-LnPn,True,VALID,0,98f6ada0e2058d67d91fb6c16482411ec2ca0967,agent2skill_swebench_verified_candidate_syntax_v1,django__django-16877,ee910990e6a14b0602e39f6f700dd1fa8231432472f8f60edbf0aa5081e36626,e3b0c44298fc1c149afbf4c8996fb92427ae41e4649b934ca495991b7852b855
140-200-r2-P,200-r2,django__django-16877,P,2,e34d4fb7841605fa4fad6e055463d30b7ea2ba25,049-200-r1-LnPn,True,VALID,0,98f6ada0e2058d67d91fb6c16482411ec2ca0967,agent2skill_swebench_verified_candidate_syntax_v1,django__django-16877,ee910990e6a14b0602e39f6f700dd1fa8231432472f8f60edbf0aa5081e36626,e3b0c44298fc1c149afbf4c8996fb92427ae41e4649b934ca495991b7852b855
141-200-r2-LP,200-r2,django__django-16877,LP,2,836ca1a6bbd74ab77b33b8eb7f4c58afc00aaeb9,141-200-r2-LP,False,VALID,1,98f6ada0e2058d67d91fb6c16482411ec2ca0967,agent2skill_swebench_verified_candidate_syntax_v1,django__django-16877,1bfa533e07722fc87e7643143164f4d973aae7368112f4ba24771d894d4d08f3,b7b133fa7b5c4426320a962df3c92a32df4edac4275f9af8d9390d151e587798
142-200-r2-Ln,200-r2,django__django-16877,Ln,2,52a67327aefe5d89bc1e00ea54e69685478c72fe,142-200-r2-Ln,False,VALID,0,98f6ada0e2058d67d91fb6c16482411ec2ca0967,agent2skill_swebench_verified_candidate_syntax_v1,django__django-16877,c4c29c5c680bcc0ae71ffc0122e449f93271ff28f42a219ac46dbab9039e789a,cb4fe6e1ff1118c4fafcb898fdd59467a666e256e9db93c917d746bb52594edc
143-200-r2-Pn,200-r2,django__django-16877,Pn,2,e34d4fb7841605fa4fad6e055463d30b7ea2ba25,049-200-r1-LnPn,True,VALID,0,98f6ada0e2058d67d91fb6c16482411ec2ca0967,agent2skill_swebench_verified_candidate_syntax_v1,django__django-16877,ee910990e6a14b0602e39f6f700dd1fa8231432472f8f60edbf0aa5081e36626,e3b0c44298fc1c149afbf4c8996fb92427ae41e4649b934ca495991b7852b855
144-200-r2-LnPn,200-r2,django__django-16877,LnPn,2,e34d4fb7841605fa4fad6e055463d30b7ea2ba25,049-200-r1-LnPn,True,VALID,0,98f6ada0e2058d67d91fb6c16482411ec2ca0967,agent2skill_swebench_verified_candidate_syntax_v1,django__django-16877,ee910990e6a14b0602e39f6f700dd1fa8231432472f8f60edbf0aa5081e36626,e3b0c44298fc1c149afbf4c8996fb92427ae41e4649b934ca495991b7852b855
145-204-r2-LP,204-r2,scikit-learn__scikit-learn-14894,LP,2,6faeeb125f8da8550fd33f7fabb9a125052299da,145-204-r2-LP,False,VALID,1,fdbaa58acbead5a254f2e6d597dc1ab3b947f4c6,agent2skill_swebench_verified_candidate_syntax_v1,scikit-learn__scikit-learn-14894,644717e3b1c8f3bb73c464e723f7d92961307c4c641a875ef6a4bea644927f6a,d6b93aeb9a74804e57d2b58c49e742a0b9b6f6da0d61da5c742f69eed785066f
146-204-r2-Ln,204-r2,scikit-learn__scikit-learn-14894,Ln,2,b25983f6994e797162fc6c24dc43c57d264ce158,146-204-r2-Ln,False,VALID,1,fdbaa58acbead5a254f2e6d597dc1ab3b947f4c6,agent2skill_swebench_verified_candidate_syntax_v1,scikit-learn__scikit-learn-14894,45a7b5706e11f3c4389a9ea91a49530accb11eff4713902a41c754402491b52e,a1ea42a184783f8e7e1acbfbb87177c11e5fae7cc72596e457d71f2fb69a3557
147-204-r2-Pn,204-r2,scikit-learn__scikit-learn-14894,Pn,2,99b743a3e3b3ff082f191bc9fa618178549b870b,147-204-r2-Pn,False,VALID,1,fdbaa58acbead5a254f2e6d597dc1ab3b947f4c6,agent2skill_swebench_verified_candidate_syntax_v1,scikit-learn__scikit-learn-14894,59722a3f24245b42440913f397d6bb369b958812f6b848241efd64b0f06b2568,11d40692cccc162412dcdde2ea40cdb00e6d0234d2789859d7e1523bb92c4324
148-204-r2-LnPn,204-r2,scikit-learn__scikit-learn-14894,LnPn,2,9a9f8af3552aed7f6871c2045416aae269e1548b,148-204-r2-LnPn,False,VALID,1,fdbaa58acbead5a254f2e6d597dc1ab3b947f4c6,agent2skill_swebench_verified_candidate_syntax_v1,scikit-learn__scikit-learn-14894,95ee8dda3cca6dd91d04aaceb83eb44c88ed1ee20a81cfc6a02a22935f88a4b4,65ad7a2dfda269b1fe909074a40cbb53097a124f0d80dd052f76efdaa32cf48b
149-204-r2-Hmini,204-r2,scikit-learn__scikit-learn-14894,Hmini,2,da98085b641cfddac8415d3ce74b89cb04ef494d,149-204-r2-Hmini,False,VALID,1,fdbaa58acbead5a254f2e6d597dc1ab3b947f4c6,agent2skill_swebench_verified_candidate_syntax_v1,scikit-learn__scikit-learn-14894,a89a38d0cd5eadd9bcefa397055b9e5b25874f4bdf49ecdac52a3cdd5516f2c3,692d7dacdeecb0e7685d7db7afd99c6365ade12937e243bb627469d19fcda08d
150-204-r2-N,204-r2,scikit-learn__scikit-learn-14894,N,2,4045ee31598fb2a5fd666e0aa67741ebe0034d7e,150-204-r2-N,False,VALID,1,fdbaa58acbead5a254f2e6d597dc1ab3b947f4c6,agent2skill_swebench_verified_candidate_syntax_v1,scikit-learn__scikit-learn-14894,23be690912de706706aef61d0f77494bca0c2aaf6547cfdf848fa200e4e8e1f1,68184c1ad35a26fd8abb810b8fc85f8d65d00e87a122ece22e7a7e1c7707d041
151-204-r2-L,204-r2,scikit-learn__scikit-learn-14894,L,2,ab85832f064102b547b78aa4cffafe1c0756530c,151-204-r2-L,False,VALID,1,fdbaa58acbead5a254f2e6d597dc1ab3b947f4c6,agent2skill_swebench_verified_candidate_syntax_v1,scikit-learn__scikit-learn-14894,e5c34632b2cfaf229d31c1dfd72f0372b0c98953c087590745e76a24c568e16a,35118c5a87162baa687cc0aca9d473f067b38f74b29e11f8572d3842a2b54385
152-204-r2-P,204-r2,scikit-learn__scikit-learn-14894,P,2,30519c7666ba28d272f5e3409f77f19b74cc3f02,152-204-r2-P,False,VALID,1,fdbaa58acbead5a254f2e6d597dc1ab3b947f4c6,agent2skill_swebench_verified_candidate_syntax_v1,scikit-learn__scikit-learn-14894,cf35a6a158436920d5d6c84a8844a875c83377fd22b2d9cbd2e14fc10dacddfb,151fc19181f3f0635c1996bb44c5bdab37132309f544a21b0599c6a22aea9fb2
153-207-r2-LnPn,207-r2,sphinx-doc__sphinx-9258,LnPn,2,d528dcf7a544bb7a01b56e11faec06bea393d34e,153-207-r2-LnPn,False,VALID,0,06107f838c28ab6ca6bfc2cc208e15997fcb2146,agent2skill_swebench_verified_candidate_syntax_v1,sphinx-doc__sphinx-9258,634e6cc99f14e78c6e677d4103b6c141b2ccb4977deced8e0b2b5bc78f79f7f1,f7848fdbca5721773779937c269bb24e897a18f1ced2234b0cf487607a34e225
154-207-r2-Hmini,207-r2,sphinx-doc__sphinx-9258,Hmini,2,f69484a6df5b3d581fbabf68a95705720a7d288d,105-207-r1-Pn,True,VALID,0,06107f838c28ab6ca6bfc2cc208e15997fcb2146,agent2skill_swebench_verified_candidate_syntax_v1,sphinx-doc__sphinx-9258,4d3509d8b216155fa24e74d4d07b070ea488b57bc394a88959677e6634bc1558,e3b0c44298fc1c149afbf4c8996fb92427ae41e4649b934ca495991b7852b855
155-207-r2-N,207-r2,sphinx-doc__sphinx-9258,N,2,1016e4f4ca52699825e188c7909b6fbdad00afdd,155-207-r2-N,False,VALID,0,06107f838c28ab6ca6bfc2cc208e15997fcb2146,agent2skill_swebench_verified_candidate_syntax_v1,sphinx-doc__sphinx-9258,a3c1c00f88908a5137201f7ad4d329dfedcf9e69af618095a9d1513c6675e654,d48950c4e531c426fa22b9c1665a985d8848b0bd5613f65ec07364caf1d0472f
156-207-r2-L,207-r2,sphinx-doc__sphinx-9258,L,2,f69484a6df5b3d581fbabf68a95705720a7d288d,105-207-r1-Pn,True,VALID,0,06107f838c28ab6ca6bfc2cc208e15997fcb2146,agent2skill_swebench_verified_candidate_syntax_v1,sphinx-doc__sphinx-9258,4d3509d8b216155fa24e74d4d07b070ea488b57bc394a88959677e6634bc1558,e3b0c44298fc1c149afbf4c8996fb92427ae41e4649b934ca495991b7852b855
157-207-r2-P,207-r2,sphinx-doc__sphinx-9258,P,2,28c2fba9291939fbaa71d17467a16515e461995e,157-207-r2-P,False,VALID,1,06107f838c28ab6ca6bfc2cc208e15997fcb2146,agent2skill_swebench_verified_candidate_syntax_v1,sphinx-doc__sphinx-9258,4fcac2f4bd722f8320058553546a8520d49b49eca5ef64164a108d2f31e94fdd,590f3ce639c6c85c6b8be0c9439c63ab3b1d4c5bc41817f6884766fe5c98242c
158-207-r2-LP,207-r2,sphinx-doc__sphinx-9258,LP,2,017d9d46f03e4e15e45f72d89ad60650870928d2,158-207-r2-LP,False,VALID,1,06107f838c28ab6ca6bfc2cc208e15997fcb2146,agent2skill_swebench_verified_candidate_syntax_v1,sphinx-doc__sphinx-9258,2eaad8ac93f7c126324018f431e4e4b364d153b6c9e40bdd6642934964bb40b4,7134300c164adc8a1fab72eba9d719f5312b205cce1ed4ae28443bce13d46d53
159-207-r2-Ln,207-r2,sphinx-doc__sphinx-9258,Ln,2,f69484a6df5b3d581fbabf68a95705720a7d288d,105-207-r1-Pn,True,VALID,0,06107f838c28ab6ca6bfc2cc208e15997fcb2146,agent2skill_swebench_verified_candidate_syntax_v1,sphinx-doc__sphinx-9258,4d3509d8b216155fa24e74d4d07b070ea488b57bc394a88959677e6634bc1558,e3b0c44298fc1c149afbf4c8996fb92427ae41e4649b934ca495991b7852b855
160-207-r2-Pn,207-r2,sphinx-doc__sphinx-9258,Pn,2,f39b28f25451ab3e4135454c5624b169363ba81c,160-207-r2-Pn,False,VALID,0,06107f838c28ab6ca6bfc2cc208e15997fcb2146,agent2skill_swebench_verified_candidate_syntax_v1,sphinx-doc__sphinx-9258,90cb19dc3b3f21d31f69903290df3c48b6f9b252fad5f57185ea9873ba74d7f4,b6e54c61a667384ab57fa7bf5b9e82ee4d81646908e41bf82bcf283cecc7abb8
161-199-r3-Hmini,199-r3,django__django-11299,Hmini,3,0d9003de07959a3bdb3be808fdff098dfa7c7fac,042-199-r1-LnPn,True,VALID,0,6866c91b638de5368c18713fa851bfe56253ea55,agent2skill_swebench_verified_candidate_syntax_v1,django__django-11299,decf17d9afeab04cbf69c3e646f3b0a64a1122aa6474e66f763906e887b877e4,e3b0c44298fc1c149afbf4c8996fb92427ae41e4649b934ca495991b7852b855
162-199-r3-N,199-r3,django__django-11299,N,3,0d9003de07959a3bdb3be808fdff098dfa7c7fac,042-199-r1-LnPn,True,VALID,0,6866c91b638de5368c18713fa851bfe56253ea55,agent2skill_swebench_verified_candidate_syntax_v1,django__django-11299,decf17d9afeab04cbf69c3e646f3b0a64a1122aa6474e66f763906e887b877e4,e3b0c44298fc1c149afbf4c8996fb92427ae41e4649b934ca495991b7852b855
163-199-r3-L,199-r3,django__django-11299,L,3,0d9003de07959a3bdb3be808fdff098dfa7c7fac,042-199-r1-LnPn,True,VALID,0,6866c91b638de5368c18713fa851bfe56253ea55,agent2skill_swebench_verified_candidate_syntax_v1,django__django-11299,decf17d9afeab04cbf69c3e646f3b0a64a1122aa6474e66f763906e887b877e4,e3b0c44298fc1c149afbf4c8996fb92427ae41e4649b934ca495991b7852b855
164-199-r3-P,199-r3,django__django-11299,P,3,e6c81411250509b9eacd5e427f0296a215e74341,164-199-r3-P,False,VALID,0,6866c91b638de5368c18713fa851bfe56253ea55,agent2skill_swebench_verified_candidate_syntax_v1,django__django-11299,382db1ece7b15f08b861dd79a96ffad46f3009bea24b97a7d6e69248ba7a4fc3,411af47b45bb608986905fdb1ba77fcca7556cc79893d89a73ca60441cbf3cf3
165-199-r3-LP,199-r3,django__django-11299,LP,3,e26e76338a563fd6ac0360c718f478848199b9de,165-199-r3-LP,False,VALID,0,6866c91b638de5368c18713fa851bfe56253ea55,agent2skill_swebench_verified_candidate_syntax_v1,django__django-11299,a6137f733e308cbce1a5f81d3b6201b6fa75deb628f5272b9328b020c1c4bddd,513b48f190ad925f02ac5ce89eadb908bf296c893227294f7d27add1e41120cd
166-199-r3-Ln,199-r3,django__django-11299,Ln,3,0d9003de07959a3bdb3be808fdff098dfa7c7fac,042-199-r1-LnPn,True,VALID,0,6866c91b638de5368c18713fa851bfe56253ea55,agent2skill_swebench_verified_candidate_syntax_v1,django__django-11299,decf17d9afeab04cbf69c3e646f3b0a64a1122aa6474e66f763906e887b877e4,e3b0c44298fc1c149afbf4c8996fb92427ae41e4649b934ca495991b7852b855
167-199-r3-Pn,199-r3,django__django-11299,Pn,3,58fa4894912e5ae4c8c101e6115265768ee85d50,044-199-r1-N,True,VALID,1,6866c91b638de5368c18713fa851bfe56253ea55,agent2skill_swebench_verified_candidate_syntax_v1,django__django-11299,dc15626ab2ff997f374b0f9ca9ca846fc5a624f7288e71a18948cf53b3514667,7df3e9b682f79f4ca1b791e6ad9897f084167989407cafc799dc95e1ccb2697f
168-199-r3-LnPn,199-r3,django__django-11299,LnPn,3,0d9003de07959a3bdb3be808fdff098dfa7c7fac,042-199-r1-LnPn,True,VALID,0,6866c91b638de5368c18713fa851bfe56253ea55,agent2skill_swebench_verified_candidate_syntax_v1,django__django-11299,decf17d9afeab04cbf69c3e646f3b0a64a1122aa6474e66f763906e887b877e4,e3b0c44298fc1c149afbf4c8996fb92427ae41e4649b934ca495991b7852b855
169-200-r3-N,200-r3,django__django-16877,N,3,e34d4fb7841605fa4fad6e055463d30b7ea2ba25,049-200-r1-LnPn,True,VALID,0,98f6ada0e2058d67d91fb6c16482411ec2ca0967,agent2skill_swebench_verified_candidate_syntax_v1,django__django-16877,ee910990e6a14b0602e39f6f700dd1fa8231432472f8f60edbf0aa5081e36626,e3b0c44298fc1c149afbf4c8996fb92427ae41e4649b934ca495991b7852b855
170-200-r3-L,200-r3,django__django-16877,L,3,e34d4fb7841605fa4fad6e055463d30b7ea2ba25,049-200-r1-LnPn,True,VALID,0,98f6ada0e2058d67d91fb6c16482411ec2ca0967,agent2skill_swebench_verified_candidate_syntax_v1,django__django-16877,ee910990e6a14b0602e39f6f700dd1fa8231432472f8f60edbf0aa5081e36626,e3b0c44298fc1c149afbf4c8996fb92427ae41e4649b934ca495991b7852b855
171-200-r3-P,200-r3,django__django-16877,P,3,ccf28780d8bc546a580158fd4ea6e8eb5b95d9a9,171-200-r3-P,False,VALID,1,98f6ada0e2058d67d91fb6c16482411ec2ca0967,agent2skill_swebench_verified_candidate_syntax_v1,django__django-16877,6667937228ee214975c67ed6615d6eb3592b516911fa9a36072971e455f91415,42d6b0467a7be6c936fe7850b0c770e655fb5697d54fa801989ccbd41e0727e1
172-200-r3-LP,200-r3,django__django-16877,LP,3,822f7727b2501c5241c2e2778cee7f59fe917050,172-200-r3-LP,False,VALID,0,98f6ada0e2058d67d91fb6c16482411ec2ca0967,agent2skill_swebench_verified_candidate_syntax_v1,django__django-16877,9a65829b0e59ee67fbf6cded2a389d1c1fca04353c52aa8ac1645e1918c49e34,ea9d6967868c20cad29a8c805a3a72ffc9554490f4dda853cbaf406fca12eca4
173-200-r3-Ln,200-r3,django__django-16877,Ln,3,912d03b2e392770d9d7ecef4e989e4a0cb7d8cc0,173-200-r3-Ln,False,VALID,0,98f6ada0e2058d67d91fb6c16482411ec2ca0967,agent2skill_swebench_verified_candidate_syntax_v1,django__django-16877,3720c37830370bcce261761e1fdfba1ac32e16f9f4e94a9abcd3e7a6df70b617,09aced48a6ae3188f014eecc847717e3b8622a68cf2d4efb6a88f1c7b3e6bcf6
174-200-r3-Pn,200-r3,django__django-16877,Pn,3,e34d4fb7841605fa4fad6e055463d30b7ea2ba25,049-200-r1-LnPn,True,VALID,0,98f6ada0e2058d67d91fb6c16482411ec2ca0967,agent2skill_swebench_verified_candidate_syntax_v1,django__django-16877,ee910990e6a14b0602e39f6f700dd1fa8231432472f8f60edbf0aa5081e36626,e3b0c44298fc1c149afbf4c8996fb92427ae41e4649b934ca495991b7852b855
175-200-r3-LnPn,200-r3,django__django-16877,LnPn,3,e34d4fb7841605fa4fad6e055463d30b7ea2ba25,049-200-r1-LnPn,True,VALID,0,98f6ada0e2058d67d91fb6c16482411ec2ca0967,agent2skill_swebench_verified_candidate_syntax_v1,django__django-16877,ee910990e6a14b0602e39f6f700dd1fa8231432472f8f60edbf0aa5081e36626,e3b0c44298fc1c149afbf4c8996fb92427ae41e4649b934ca495991b7852b855
176-200-r3-Hmini,200-r3,django__django-16877,Hmini,3,174be54a5dc64c36b42ef2bfa48711632bbd1f79,176-200-r3-Hmini,False,VALID,1,98f6ada0e2058d67d91fb6c16482411ec2ca0967,agent2skill_swebench_verified_candidate_syntax_v1,django__django-16877,d8c7d54e9aeb10034cb9d4b0af5f4fece49414cce481667c81a627263adb4c66,d1dd5e3ee1adefcd02d96906376d5f4ac25b45942bafcd62619df8a131a8553c
177-204-r3-Ln,204-r3,scikit-learn__scikit-learn-14894,Ln,3,b14c3ac6e2124edb4036c96c303e38c37d1d28b7,177-204-r3-Ln,False,VALID,1,fdbaa58acbead5a254f2e6d597dc1ab3b947f4c6,agent2skill_swebench_verified_candidate_syntax_v1,scikit-learn__scikit-learn-14894,90f2479444eaf03f8f768c23925725ed82ce899bdfd6c9cdbbc1465d95a711eb,4e778e9e8762d5c4b77c9f64d9dd2a312cc66b4a550d3ef18d1812c4e9986554
178-204-r3-Pn,204-r3,scikit-learn__scikit-learn-14894,Pn,3,5521016cb2e138f5e9415fa117eb0d52cd3a7cd4,178-204-r3-Pn,False,VALID,1,fdbaa58acbead5a254f2e6d597dc1ab3b947f4c6,agent2skill_swebench_verified_candidate_syntax_v1,scikit-learn__scikit-learn-14894,481847b15e6ff533ad31bf8fcf83bcf000151f057c9787f2a2a9f9b61431b7b9,85fad6bb07e24ea0b56e636a329396037a831a23ec48b0ed6d3c305f7f984c89
179-204-r3-LnPn,204-r3,scikit-learn__scikit-learn-14894,LnPn,3,be8c6bbbb593725d68f90ecd05b04892549587a7,085-204-r1-LnPn,True,VALID,0,fdbaa58acbead5a254f2e6d597dc1ab3b947f4c6,agent2skill_swebench_verified_candidate_syntax_v1,scikit-learn__scikit-learn-14894,292eaba611d0ad7286198aa5777275aa2b332bc95d4c4914481e9a93ffb3936d,e3b0c44298fc1c149afbf4c8996fb92427ae41e4649b934ca495991b7852b855
180-204-r3-Hmini,204-r3,scikit-learn__scikit-learn-14894,Hmini,3,be8c6bbbb593725d68f90ecd05b04892549587a7,085-204-r1-LnPn,True,VALID,0,fdbaa58acbead5a254f2e6d597dc1ab3b947f4c6,agent2skill_swebench_verified_candidate_syntax_v1,scikit-learn__scikit-learn-14894,292eaba611d0ad7286198aa5777275aa2b332bc95d4c4914481e9a93ffb3936d,e3b0c44298fc1c149afbf4c8996fb92427ae41e4649b934ca495991b7852b855
181-204-r3-N,204-r3,scikit-learn__scikit-learn-14894,N,3,f659c33a6d15971cdbde011411d435e13129c147,181-204-r3-N,False,VALID,1,fdbaa58acbead5a254f2e6d597dc1ab3b947f4c6,agent2skill_swebench_verified_candidate_syntax_v1,scikit-learn__scikit-learn-14894,479816d158ea93e60efa563d43d14377827dce38e0b63c9b8dc92b6b93b3b07a,ddd25e137386ee68ecf9a07bea57f02e6af29e0c1b1cab0ca790e84afa04e628
182-204-r3-L,204-r3,scikit-learn__scikit-learn-14894,L,3,4286f44262f9c3c77eff0baa1116dd4895db17b0,182-204-r3-L,False,VALID,1,fdbaa58acbead5a254f2e6d597dc1ab3b947f4c6,agent2skill_swebench_verified_candidate_syntax_v1,scikit-learn__scikit-learn-14894,8b07e404566a0b7174730ff266c5d0244c69ea67ad82581edb1e053a3e12720e,e2097d5815ff243457a0d67c4172a37343b0f480eab4a46473bf515b5f2c70d3
183-204-r3-P,204-r3,scikit-learn__scikit-learn-14894,P,3,704515232893ef89482bdadced8122247c2db3c5,183-204-r3-P,False,VALID,1,fdbaa58acbead5a254f2e6d597dc1ab3b947f4c6,agent2skill_swebench_verified_candidate_syntax_v1,scikit-learn__scikit-learn-14894,4777a4f8334a3f2cfba0d416f745e68fdfd5ea7fcbb8d48dd87ce30f15fd84fd,23e85649453bd0bf238e8295d35c1ad881685ad5df9b60b8ed2480dba2fc6465
184-204-r3-LP,204-r3,scikit-learn__scikit-learn-14894,LP,3,bd07f54890689e276047f3c2ccc09a3330ec5e65,184-204-r3-LP,False,VALID,1,fdbaa58acbead5a254f2e6d597dc1ab3b947f4c6,agent2skill_swebench_verified_candidate_syntax_v1,scikit-learn__scikit-learn-14894,7d7a4cde1610c8a173373f86f514c87a27a9041483e01b3602273dcca73568d6,249af23256707db3fb74ce3f14b1977774937f802767f9ca76050ba2d7c00449
185-207-r3-Hmini,207-r3,sphinx-doc__sphinx-9258,Hmini,3,f69484a6df5b3d581fbabf68a95705720a7d288d,105-207-r1-Pn,True,VALID,0,06107f838c28ab6ca6bfc2cc208e15997fcb2146,agent2skill_swebench_verified_candidate_syntax_v1,sphinx-doc__sphinx-9258,4d3509d8b216155fa24e74d4d07b070ea488b57bc394a88959677e6634bc1558,e3b0c44298fc1c149afbf4c8996fb92427ae41e4649b934ca495991b7852b855
186-207-r3-N,207-r3,sphinx-doc__sphinx-9258,N,3,f69484a6df5b3d581fbabf68a95705720a7d288d,105-207-r1-Pn,True,VALID,0,06107f838c28ab6ca6bfc2cc208e15997fcb2146,agent2skill_swebench_verified_candidate_syntax_v1,sphinx-doc__sphinx-9258,4d3509d8b216155fa24e74d4d07b070ea488b57bc394a88959677e6634bc1558,e3b0c44298fc1c149afbf4c8996fb92427ae41e4649b934ca495991b7852b855
187-207-r3-L,207-r3,sphinx-doc__sphinx-9258,L,3,7c80807a0c03c26d6182d821f3d6bd2ee3f76bdc,187-207-r3-L,False,VALID,0,06107f838c28ab6ca6bfc2cc208e15997fcb2146,agent2skill_swebench_verified_candidate_syntax_v1,sphinx-doc__sphinx-9258,4cc6105407c6d9ac32be9d3c65056980697342d40d8cf98cd048ec8cfd65f779,e824489b1500ceef4f9af8f1a1abe1ccbf1e77accbe37df30dec71dce9aeeb1a
188-207-r3-P,207-r3,sphinx-doc__sphinx-9258,P,3,f69484a6df5b3d581fbabf68a95705720a7d288d,105-207-r1-Pn,True,VALID,0,06107f838c28ab6ca6bfc2cc208e15997fcb2146,agent2skill_swebench_verified_candidate_syntax_v1,sphinx-doc__sphinx-9258,4d3509d8b216155fa24e74d4d07b070ea488b57bc394a88959677e6634bc1558,e3b0c44298fc1c149afbf4c8996fb92427ae41e4649b934ca495991b7852b855
189-207-r3-LP,207-r3,sphinx-doc__sphinx-9258,LP,3,a8d15d51f6babb79d30312e9302f0a1644702c22,189-207-r3-LP,False,VALID,0,06107f838c28ab6ca6bfc2cc208e15997fcb2146,agent2skill_swebench_verified_candidate_syntax_v1,sphinx-doc__sphinx-9258,8b9ee1a9ac56b4da51de6fd01d8f666455989fed47a48c044e459c657dbfa70c,07885bf2f8cacfdd6c78dc4b09f20f78888e1ed1eda977d80440057451661edb
190-207-r3-Ln,207-r3,sphinx-doc__sphinx-9258,Ln,3,f69484a6df5b3d581fbabf68a95705720a7d288d,105-207-r1-Pn,True,VALID,0,06107f838c28ab6ca6bfc2cc208e15997fcb2146,agent2skill_swebench_verified_candidate_syntax_v1,sphinx-doc__sphinx-9258,4d3509d8b216155fa24e74d4d07b070ea488b57bc394a88959677e6634bc1558,e3b0c44298fc1c149afbf4c8996fb92427ae41e4649b934ca495991b7852b855
191-207-r3-Pn,207-r3,sphinx-doc__sphinx-9258,Pn,3,7a099a08c594b5eb6166ec70695f5bfd97a3f854,191-207-r3-Pn,False,VALID,0,06107f838c28ab6ca6bfc2cc208e15997fcb2146,agent2skill_swebench_verified_candidate_syntax_v1,sphinx-doc__sphinx-9258,28a7282f1c44ab800918ecbffc31046ec47f074b05a15ea4073b8ef073b0c7b9,e64f86668efc793e0db894606dc2a4d31f60d4b90458422ae6e9dc500d9ea3b3
192-207-r3-LnPn,207-r3,sphinx-doc__sphinx-9258,LnPn,3,9ff639f3a5f067b20b64740d04cca12969e29dfc,192-207-r3-LnPn,False,VALID,0,06107f838c28ab6ca6bfc2cc208e15997fcb2146,agent2skill_swebench_verified_candidate_syntax_v1,sphinx-doc__sphinx-9258,3392c0bbaaab4268d39d4c8c75d3da02d3fe6b715a7decf00f222a9b50acbc46,9317215a60cb59bb75f25f57fccf48734339e371dfa6f6104857af4def8825a9
