instance_id,policy,repeat_index,reward,score_cell,shared_score
django__django-10880,N,1,1,001-194-r1-N,False
django__django-10880,L,1,0,002-194-r1-L,False
django__django-10880,P,1,0,002-194-r1-L,True
django__django-10880,LP,1,1,004-194-r1-LP,False
django__django-10880,Ln,1,1,005-194-r1-Ln,False
django__django-10880,Pn,1,0,002-194-r1-L,True
django__django-10880,LnPn,1,0,002-194-r1-L,True
django__django-10880,Hmini,1,1,008-194-r1-Hmini,False
pydata__xarray-3095,L,1,0,009-195-r1-L,False
pydata__xarray-3095,P,1,0,010-195-r1-P,False
pydata__xarray-3095,LP,1,0,011-195-r1-LP,False
pydata__xarray-3095,Ln,1,0,009-195-r1-L,True
pydata__xarray-3095,Pn,1,0,009-195-r1-L,True
pydata__xarray-3095,LnPn,1,1,014-195-r1-LnPn,False
pydata__xarray-3095,Hmini,1,0,010-195-r1-P,True
pydata__xarray-3095,N,1,0,009-195-r1-L,True
django__django-16082,P,1,1,017-196-r1-P,False
django__django-16082,LP,1,1,017-196-r1-P,True
django__django-16082,Ln,1,1,019-196-r1-Ln,False
django__django-16082,Pn,1,1,019-196-r1-Ln,True
django__django-16082,LnPn,1,0,021-196-r1-LnPn,False
django__django-16082,Hmini,1,1,019-196-r1-Ln,True
django__django-16082,N,1,0,021-196-r1-LnPn,True
django__django-16082,L,1,0,021-196-r1-LnPn,True
django__django-15103,LP,1,1,025-197-r1-LP,False
django__django-15103,Ln,1,0,026-197-r1-Ln,False
django__django-15103,Pn,1,1,027-197-r1-Pn,False
django__django-15103,LnPn,1,0,026-197-r1-Ln,True
django__django-15103,Hmini,1,0,029-197-r1-Hmini,False
django__django-15103,N,1,0,030-197-r1-N,False
django__django-15103,L,1,1,031-197-r1-L,False
django__django-15103,P,1,1,032-197-r1-P,False
matplotlib__matplotlib-20676,Ln,1,0,033-198-r1-Ln,False
matplotlib__matplotlib-20676,Pn,1,1,034-198-r1-Pn,False
matplotlib__matplotlib-20676,LnPn,1,0,033-198-r1-Ln,True
matplotlib__matplotlib-20676,Hmini,1,0,033-198-r1-Ln,True
matplotlib__matplotlib-20676,N,1,0,033-198-r1-Ln,True
matplotlib__matplotlib-20676,L,1,0,033-198-r1-Ln,True
matplotlib__matplotlib-20676,P,1,0,039-198-r1-P,False
matplotlib__matplotlib-20676,LP,1,0,033-198-r1-Ln,True
django__django-11299,Pn,1,1,041-199-r1-Pn,False
django__django-11299,LnPn,1,0,042-199-r1-LnPn,False
django__django-11299,Hmini,1,0,042-199-r1-LnPn,True
django__django-11299,N,1,1,044-199-r1-N,False
django__django-11299,L,1,0,042-199-r1-LnPn,True
django__django-11299,P,1,0,042-199-r1-LnPn,True
django__django-11299,LP,1,0,047-199-r1-LP,False
django__django-11299,Ln,1,1,044-199-r1-N,True
django__django-16877,LnPn,1,0,049-200-r1-LnPn,False
django__django-16877,Hmini,1,0,049-200-r1-LnPn,True
django__django-16877,N,1,0,049-200-r1-LnPn,True
django__django-16877,L,1,0,049-200-r1-LnPn,True
django__django-16877,P,1,0,053-200-r1-P,False
django__django-16877,LP,1,1,054-200-r1-LP,False
django__django-16877,Ln,1,0,049-200-r1-LnPn,True
django__django-16877,Pn,1,1,056-200-r1-Pn,False
django__django-15467,Hmini,1,1,057-201-r1-Hmini,False
django__django-15467,N,1,1,058-201-r1-N,False
django__django-15467,L,1,1,059-201-r1-L,False
django__django-15467,P,1,1,060-201-r1-P,False
django__django-15467,LP,1,1,060-201-r1-P,True
django__django-15467,Ln,1,1,058-201-r1-N,True
django__django-15467,Pn,1,1,058-201-r1-N,True
django__django-15467,LnPn,1,0,064-201-r1-LnPn,False
pytest-dev__pytest-8399,N,1,0,065-202-r1-N,False
pytest-dev__pytest-8399,L,1,1,066-202-r1-L,False
pytest-dev__pytest-8399,P,1,1,067-202-r1-P,False
pytest-dev__pytest-8399,LP,1,1,067-202-r1-P,True
pytest-dev__pytest-8399,Ln,1,1,066-202-r1-L,True
pytest-dev__pytest-8399,Pn,1,0,065-202-r1-N,True
pytest-dev__pytest-8399,LnPn,1,1,066-202-r1-L,True
pytest-dev__pytest-8399,Hmini,1,0,065-202-r1-N,True
django__django-14122,L,1,0,073-203-r1-L,False
django__django-14122,P,1,0,074-203-r1-P,False
django__django-14122,LP,1,1,075-203-r1-LP,False
django__django-14122,Ln,1,0,073-203-r1-L,True
django__django-14122,Pn,1,0,073-203-r1-L,True
django__django-14122,LnPn,1,0,073-203-r1-L,True
django__django-14122,Hmini,1,0,073-203-r1-L,True
django__django-14122,N,1,0,073-203-r1-L,True
scikit-learn__scikit-learn-14894,P,1,1,081-204-r1-P,False
scikit-learn__scikit-learn-14894,LP,1,1,082-204-r1-LP,False
scikit-learn__scikit-learn-14894,Ln,1,1,083-204-r1-Ln,False
scikit-learn__scikit-learn-14894,Pn,1,1,084-204-r1-Pn,False
scikit-learn__scikit-learn-14894,LnPn,1,0,085-204-r1-LnPn,False
scikit-learn__scikit-learn-14894,Hmini,1,0,085-204-r1-LnPn,True
scikit-learn__scikit-learn-14894,N,1,1,087-204-r1-N,False
scikit-learn__scikit-learn-14894,L,1,0,085-204-r1-LnPn,True
django__django-14434,LP,1,1,089-205-r1-LP,False
django__django-14434,Ln,1,0,090-205-r1-Ln,False
django__django-14434,Pn,1,1,091-205-r1-Pn,False
django__django-14434,LnPn,1,0,090-205-r1-Ln,True
django__django-14434,Hmini,1,0,090-205-r1-Ln,True
django__django-14434,N,1,0,090-205-r1-Ln,True
django__django-14434,L,1,0,090-205-r1-Ln,True
django__django-14434,P,1,0,090-205-r1-Ln,True
sympy__sympy-15809,Ln,1,0,097-206-r1-Ln,False
sympy__sympy-15809,Pn,1,0,097-206-r1-Ln,True
sympy__sympy-15809,LnPn,1,1,099-206-r1-LnPn,False
sympy__sympy-15809,Hmini,1,1,100-206-r1-Hmini,False
sympy__sympy-15809,N,1,0,097-206-r1-Ln,True
sympy__sympy-15809,L,1,0,097-206-r1-Ln,True
sympy__sympy-15809,P,1,1,103-206-r1-P,False
sympy__sympy-15809,LP,1,1,104-206-r1-LP,False
sphinx-doc__sphinx-9258,Pn,1,0,105-207-r1-Pn,False
sphinx-doc__sphinx-9258,LnPn,1,0,106-207-r1-LnPn,False
sphinx-doc__sphinx-9258,Hmini,1,0,105-207-r1-Pn,True
sphinx-doc__sphinx-9258,N,1,0,108-207-r1-N,False
sphinx-doc__sphinx-9258,L,1,0,109-207-r1-L,False
sphinx-doc__sphinx-9258,P,1,0,105-207-r1-Pn,True
sphinx-doc__sphinx-9258,LP,1,1,111-207-r1-LP,False
sphinx-doc__sphinx-9258,Ln,1,0,112-207-r1-Ln,False
pylint-dev__pylint-6903,LnPn,1,1,113-208-r1-LnPn,False
pylint-dev__pylint-6903,Hmini,1,1,114-208-r1-Hmini,False
pylint-dev__pylint-6903,N,1,1,115-208-r1-N,False
pylint-dev__pylint-6903,L,1,1,116-208-r1-L,False
pylint-dev__pylint-6903,P,1,1,117-208-r1-P,False
pylint-dev__pylint-6903,LP,1,1,118-208-r1-LP,False
pylint-dev__pylint-6903,Ln,1,1,119-208-r1-Ln,False
pylint-dev__pylint-6903,Pn,1,1,120-208-r1-Pn,False
django__django-14500,Hmini,1,0,121-209-r1-Hmini,False
django__django-14500,N,1,0,121-209-r1-Hmini,True
django__django-14500,L,1,1,123-209-r1-L,False
django__django-14500,P,1,1,124-209-r1-P,False
django__django-14500,LP,1,1,125-209-r1-LP,False
django__django-14500,Ln,1,0,121-209-r1-Hmini,True
django__django-14500,Pn,1,1,127-209-r1-Pn,False
django__django-14500,LnPn,1,0,121-209-r1-Hmini,True
django__django-11299,LnPn,2,0,042-199-r1-LnPn,True
django__django-11299,Hmini,2,0,042-199-r1-LnPn,True
django__django-11299,N,2,0,042-199-r1-LnPn,True
django__django-11299,L,2,0,042-199-r1-LnPn,True
django__django-11299,P,2,0,133-199-r2-P,False
django__django-11299,LP,2,0,134-199-r2-LP,False
django__django-11299,Ln,2,0,042-199-r1-LnPn,True
django__django-11299,Pn,2,0,042-199-r1-LnPn,True
django__django-16877,Hmini,2,1,137-200-r2-Hmini,False
django__django-16877,N,2,0,049-200-r1-LnPn,True
django__django-16877,L,2,0,049-200-r1-LnPn,True
django__django-16877,P,2,0,049-200-r1-LnPn,True
django__django-16877,LP,2,1,141-200-r2-LP,False
django__django-16877,Ln,2,0,142-200-r2-Ln,False
django__django-16877,Pn,2,0,049-200-r1-LnPn,True
django__django-16877,LnPn,2,0,049-200-r1-LnPn,True
scikit-learn__scikit-learn-14894,LP,2,1,145-204-r2-LP,False
scikit-learn__scikit-learn-14894,Ln,2,1,146-204-r2-Ln,False
scikit-learn__scikit-learn-14894,Pn,2,1,147-204-r2-Pn,False
scikit-learn__scikit-learn-14894,LnPn,2,1,148-204-r2-LnPn,False
scikit-learn__scikit-learn-14894,Hmini,2,1,149-204-r2-Hmini,False
scikit-learn__scikit-learn-14894,N,2,1,150-204-r2-N,False
scikit-learn__scikit-learn-14894,L,2,1,151-204-r2-L,False
scikit-learn__scikit-learn-14894,P,2,1,152-204-r2-P,False
sphinx-doc__sphinx-9258,LnPn,2,0,153-207-r2-LnPn,False
sphinx-doc__sphinx-9258,Hmini,2,0,105-207-r1-Pn,True
sphinx-doc__sphinx-9258,N,2,0,155-207-r2-N,False
sphinx-doc__sphinx-9258,L,2,0,105-207-r1-Pn,True
sphinx-doc__sphinx-9258,P,2,1,157-207-r2-P,False
sphinx-doc__sphinx-9258,LP,2,1,158-207-r2-LP,False
sphinx-doc__sphinx-9258,Ln,2,0,105-207-r1-Pn,True
sphinx-doc__sphinx-9258,Pn,2,0,160-207-r2-Pn,False
django__django-11299,Hmini,3,0,042-199-r1-LnPn,True
django__django-11299,N,3,0,042-199-r1-LnPn,True
django__django-11299,L,3,0,042-199-r1-LnPn,True
django__django-11299,P,3,0,164-199-r3-P,False
django__django-11299,LP,3,0,165-199-r3-LP,False
django__django-11299,Ln,3,0,042-199-r1-LnPn,True
django__django-11299,Pn,3,1,044-199-r1-N,True
django__django-11299,LnPn,3,0,042-199-r1-LnPn,True
django__django-16877,N,3,0,049-200-r1-LnPn,True
django__django-16877,L,3,0,049-200-r1-LnPn,True
django__django-16877,P,3,1,171-200-r3-P,False
django__django-16877,LP,3,0,172-200-r3-LP,False
django__django-16877,Ln,3,0,173-200-r3-Ln,False
django__django-16877,Pn,3,0,049-200-r1-LnPn,True
django__django-16877,LnPn,3,0,049-200-r1-LnPn,True
django__django-16877,Hmini,3,1,176-200-r3-Hmini,False
scikit-learn__scikit-learn-14894,Ln,3,1,177-204-r3-Ln,False
scikit-learn__scikit-learn-14894,Pn,3,1,178-204-r3-Pn,False
scikit-learn__scikit-learn-14894,LnPn,3,0,085-204-r1-LnPn,True
scikit-learn__scikit-learn-14894,Hmini,3,0,085-204-r1-LnPn,True
scikit-learn__scikit-learn-14894,N,3,1,181-204-r3-N,False
scikit-learn__scikit-learn-14894,L,3,1,182-204-r3-L,False
scikit-learn__scikit-learn-14894,P,3,1,183-204-r3-P,False
scikit-learn__scikit-learn-14894,LP,3,1,184-204-r3-LP,False
sphinx-doc__sphinx-9258,Hmini,3,0,105-207-r1-Pn,True
sphinx-doc__sphinx-9258,N,3,0,105-207-r1-Pn,True
sphinx-doc__sphinx-9258,L,3,0,187-207-r3-L,False
sphinx-doc__sphinx-9258,P,3,0,105-207-r1-Pn,True
sphinx-doc__sphinx-9258,LP,3,0,189-207-r3-LP,False
sphinx-doc__sphinx-9258,Ln,3,0,105-207-r1-Pn,True
sphinx-doc__sphinx-9258,Pn,3,0,191-207-r3-Pn,False
sphinx-doc__sphinx-9258,LnPn,3,0,192-207-r3-LnPn,False
